Id,num_faces,largest_face_area_ratio,dominant_emotion
FozCkl1xj-w,3,0.3440616822322987,neutral
RN8yoi-e2yc,0,0.0,sad
IugcIAAZJ2M,0,0.0,angry
JiEO6F8i0eU,1,0.12935255273218899,fear
1T4XMNN4bNM,0,0.0,
0ZWGeidvrJw,1,0.17918262466633272,sad
YiEj9mrqTN0,0,0.0,sad
PZFLM2DVQHs,1,0.0005687562387659758,fear
CoDpjqZpAh0,0,0.0,happy
VT128ElBWkM,0,0.0,neutral
AmKX9tCVtUE,0,0.0,
VjINuQX4hbM,0,0.0,happy
529h0a2RMt4,2,0.03272472994483299,neutral
WA-q4pXd0Pk,0,0.0,sad
A0Lf8eP41vs,3,0.16030116393027127,sad
gCG52EeOv38,2,0.005105819886443391,happy
16q8_32M03k,0,0.0,surprise
OTfp2_SwxHk,1,0.17717396703849772,neutral
ATlila3e9dM,1,0.02493967136934872,surprise
eivrK9xjRNg,0,0.0,
P1FUMdHU29c,2,0.1168231560226516,neutral
R-NIThUYa_0,0,0.0,happy
qKFep4ekvx0,0,0.0,angry
OX31kZbAXsA,5,0.046644093633029925,neutral
Mais4qHU1g4,0,0.0,
94b2pr9Prog,1,0.16067981285007185,neutral
R8rmfD9Y5-c,0,0.0,neutral
ou7KSmfC3lA,1,0.03413840710649108,neutral
Honkq3fKFoA,1,0.0037302115442192493,neutral
VnIsuYVlSls,1,0.07584733812493344,neutral
hc3TEaT3WHA,0,0.0,sad
pYy5-KowMj0,2,0.039250092562739765,happy
LUwj1-1-M1Q,0,0.0,
0i5rycLJ3D8,0,0.0,sad
zO9fZaFfNAs,1,0.025250664101804432,sad
5pP8TLwO_Ks,0,0.0,neutral
CfmzxyvKZ1w,1,0.1942792010004458,sad
QtUgq2Q1ivA,4,0.04404879064599502,happy
qd9oEhlyIKY,0,0.0,happy
YtTOQSRMRcM,0,0.0,angry
mRcRtmG0Zy4,3,0.008751264639733504,happy
JeswElZRJ_Y,0,0.0,neutral
NCDA6LBvyuM,0,0.0,
zQGOcOUBi6s,0,0.0,happy
k_UZ6t6Avsw,0,0.0,
m6pJd6O_NT0,1,0.1416543170187985,neutral
85GSILNh6U4,3,0.1576199045836802,sad
GqkoykvCV1I,1,0.07486187325306673,neutral
B1Kaq0_FqGs,0,0.0,sad
xetnJ_gNRBQ,0,0.0,neutral
HgFzP5m1k_c,0,0.0,happy
7yub7hDEfzI,1,0.17664565215703987,surprise
FcX0pkXSKl4,0,0.0,neutral
UEob1L_tsn0,7,0.054780440190224905,fear
OoH8G4ZJqOE,0,0.0,fear
wTziIhu8yvU,2,0.0009356590242835713,sad
BQTwvbWAx8A,1,0.0014269740898938228,sad
JUBSQXmm-3k,1,0.2936369642744252,angry
OETj9aTYO2Q,0,0.0,fear
9E3FAKBlZh4,1,0.001878177652542945,sad
-6Up7CG5d6M,1,0.0708176328576792,neutral
L_6SAsypMNM,2,0.0015008002956528798,angry
rlK7JIAz9WY,0,0.0,happy
cX1nCBVNRqc,0,0.0,happy
-naamtpQ8lw,1,0.008385867417632652,neutral
Xc4xYacTu-E,0,0.0,happy
ifTF3ags0XI,0,0.0,fear
SR5kfWXfxto,1,0.15578718397847954,sad
s6y7zf9Lx-w,1,0.035086461561419736,surprise
3QbS2e8w33s,0,0.0,
i1iqVGORUck,1,0.032200145686033466,angry
cdiFhv3gsyo,4,0.022643939405749432,angry
wcueSXGueJs,0,0.0,angry
7NZ9X9A2efA,1,0.0062577844198838444,surprise
M-VQlqE9M1M,0,0.0,neutral
s1ax8Tx_Jz0,1,0.12153002930763049,surprise
GLoeAJUcz38,0,0.0,neutral
q8f4uxCGWJA,1,0.0003472411716615574,sad
oakWgLqCwUc,0,0.0,neutral
yJS9HPeyu6A,2,0.022904526542876436,fear
iJk9a4Zyx3I,0,0.0,
S_0geClYYJI,2,0.015234875931869283,happy
kAgTZSJ4jo8,3,0.10569743057069798,neutral
p2q02Bxtqds,0,0.0,sad
_W_l79lNtA4,1,0.0026638840915580255,fear
QWveXdj6oZU,1,0.08495025593266897,sad
KTeXDOC_fRg,0,0.0,fear
TjP0UgI8CTg,1,0.17256982308347157,happy
zwAD6dRSVyI,0,0.0,fear
m-_yImAhNj0,2,0.04624566897289065,fear
4kEil-H7490,0,0.0,neutral
sGCKnuKH5dQ,2,0.12289361614284644,fear
FSs_JYwnAdI,0,0.0,fear
L45Q1_psDqk,0,0.0,sad
1VZkiQUzITU,1,0.00033138157768538196,fear
ANQcBnQSQOU,1,0.15774551289082814,angry
K_NRBkJtNAI,0,0.0,neutral
IiVDtNjORbY,1,0.04730176697084769,happy
Xh6rc-t47rQ,0,0.0,angry
19JYOVPmwDM,2,0.007519338081597703,angry
f38sotYHqtA,1,0.03169784318120113,neutral
R3unPcJDbCc,0,0.0,fear
K9_b9X2EA3E,0,0.0,neutral
ci92HvCeR40,2,0.0008571815549981289,happy
abqMLqHwqpo,1,0.07445972355465023,surprise
57yCeKge8LI,0,0.0,angry
8A3jiM2FNR8,2,0.17315513052702247,neutral
NAN1kt4SG9E,3,0.06708874396823376,happy
-BRSus9eU10,9,0.0037761186630717704,fear
PlI3gjkcPz0,1,0.12121728096237613,sad
ASQCa7mfjVo,0,0.0,
111rmlKjx1Q,1,0.015835997858924505,happy
W8sGTh7ZpoY,4,0.05289152841889214,sad
Ei3IuH8IZYI,1,0.0007213086445517547,sad
_Cfb5fUHClg,0,0.0,
GpMP6Nh3FvU,0,0.0,sad
mbsmsi7l3r4,1,0.04403565542643264,happy
qJVhGXSZO9Y,3,0.10213849418399605,neutral
fsbI4kIulIQ,0,0.0,
ZWHg5V0JliE,3,0.0019301908644183642,neutral
pKmM1N0MoC4,0,0.0,surprise
YiM9oosSvNg,1,0.01601801906977774,sad
TZt6GDXP2OQ,1,0.08565940587301156,angry
Zs0qpASAtCA,1,0.01355690254917843,fear
At0advb9_fA,1,0.044556569571191175,happy
48sCx-wBs34,0,0.0,happy
d-z0eQOEzkE,0,0.0,
l0DoQYGZt8M,0,0.0,neutral
jW55cViXu6s,0,0.0,sad
vXBfwgwT1nQ,3,0.007874358838110362,neutral
1ci3l7pnfdk,0,0.0,neutral
Cw7g8ixbomU,2,0.06536794004218488,sad
9na8UBoncy4,1,0.16241710068352633,neutral
ToQ8PWYnu04,0,0.0,angry
M5v1nXiUaOI,2,0.06357706837400504,sad
uqfw79PTwTw,2,0.17245756841868418,happy
QJ4YYocbBwA,0,0.0,fear
BQw3v31s-Y8,1,0.16994842371167881,happy
zL3UHF5SlEU,1,0.19708816894378994,neutral
IcXI5yzip-s,0,0.0,sad
xoKwbbnlxi0,2,0.010275094967698047,neutral
pTn6Ewhb27k,0,0.0,happy
tqqiZdqBNI0,2,0.20992120510501877,sad
2JyUD79ky8s,0,0.0,fear
Q_F9CxSmGOM,0,0.0,sad
cqidD7kVnxY,1,0.0012464792247434769,fear
Tr1FHd_n2_0,1,0.13023926631147334,sad
iEiiu75dRvs,1,0.0411289308085654,neutral
TvfaGnMNDo0,0,0.0,neutral
U5EDORs8Jkk,1,0.10905101652873175,happy
Vyau3VUVVtI,0,0.0,sad
LqfJJ60JcKo,0,0.0,happy
bf7q8lWEd-o,0,0.0,fear
9tbxDgcv74c,0,0.0,happy
2fAv4kWLp8w,2,0.0014437264082107504,angry
V_Kr9OSfDeU,0,0.0,happy
3kUUgQ0AjZc,1,0.0005766045734263672,fear
RY_rbooeMcI,0,0.0,angry
kYB8IZa5AuE,0,0.0,neutral
eQyriT0j36g,0,0.0,neutral
yIfrEMhtu2o,1,0.007280905239644603,neutral
uw-VK2URZZQ,3,0.12556219322680134,happy
If2rE7Sagyw,2,0.02485505812987564,sad
XfkzEBmx9nc,2,0.05322113050660846,fear
L6EwZWWRA-U,1,0.04840265700897564,fear
NCPNTsKBZS0,0,0.0,angry
ugwwFmp4bIA,0,0.0,angry
fNcJuPIZ2WE,0,0.0,sad
tafGL02EUOA,0,0.0,happy
gwqEgvSkT_c,0,0.0,sad
pl20NdwAs3k,0,0.0,angry
t2X3wlvoShg,0,0.0,sad
MnZIOk90TAY,0,0.0,
q1UytQTIECk,2,0.02165109220636623,angry
nrB3HqVbB3o,0,0.0,neutral
dojhP_1W5tA,2,0.10339371620805196,angry
r9cLluDKIhk,7,0.06487566311100737,happy
vNaEBbFbvcY,0,0.0,fear
O9gg0pz7rlc,1,0.07014914566431495,sad
QynNpzqYt0Y,3,0.24554251750738837,sad
wZsaXxtfuRg,0,0.0,neutral
Qh9KBwqGxTI,1,0.013284213445375725,sad
rsXQInxxzBU,1,0.06392817519728043,sad
vvXRcwcIJh4,2,0.37334058223128774,happy
HeQX2HjkcNo,0,0.0,fear
Qxn2b2LW6bQ,1,0.16843758083056198,sad
PI4EszMsYy4,2,0.031308649690128934,surprise
GBUJ5O7zvKA,0,0.0,happy
bTrV5v7GLcQ,4,0.010789203735948832,neutral
exqELqiqSmM,1,0.0007189885342409575,angry
TJM-Qo0VZbs,2,0.10199837058684554,neutral
0xPwHR8_D2w,1,0.05485809641650475,angry
NvaoIoULjrM,1,0.007612098225699242,happy
8GNInLhL2zA,1,0.09047650036788683,happy
scIizw2asro,1,0.19801015390946608,happy
eS_rEzKdzBA,1,0.15434830143137837,neutral
maYuTnci4ys,0,0.0,happy
wplX6t4S7p4,0,0.0,happy
GViBkwbyd0Q,1,0.03774025787011447,neutral
C07Dfg18Oi4,0,0.0,fear
W1Vs8fU6JqQ,0,0.0,
iRngp25a8wM,2,0.02600693749255394,sad
iN8zmmCRqUA,4,0.03448685384238868,sad
0yqC4BYZWnM,1,0.06731944660553078,neutral
0w4OTD4L0GQ,1,0.00701019441029833,fear
Cr_-xnWnEbk,5,0.002070374301789949,fear
XKH5Gd92k74,3,0.018143482966280922,angry
Y8RigxxiilI,0,0.0,neutral
5HInaJxFxWs,2,0.0821804972818245,neutral
wgzmxJPting,3,0.001766326699408738,sad
4oqfodY2Lz0,0,0.0,fear
_fbCcWyYthQ,0,0.0,
ZLuxpDxhHYA,1,0.010373804902737144,sad
GE2W93FBdo8,0,0.0,sad
15V0gUXUPko,1,0.05900092934556495,fear
Y54dfdonqgM,4,0.04815435450149784,happy
KDiEIqD4MJ8,0,0.0,
ulCdoCfw-bY,0,0.0,sad
L90DibXzunI,0,0.0,neutral
s8ccbEhZYTc,0,0.0,
wYALykLb5oY,1,0.035888174694111714,neutral
8ye7Vh-_b50,0,0.0,sad
2HbqRMhLmxE,3,0.030369442308943916,sad
ZRuSS0iiFyo,6,0.0645366143529039,sad
Bhos_P4a-JQ,2,0.06765929501913585,fear
2HBmrx__Ock,1,0.1497675933725092,surprise
ty4PhRWt1hU,3,0.006085700599226887,happy
PcS4rEE8dIU,3,0.038480844528141156,sad
CaNDeyYP98A,0,0.0,sad
lBMAdwBLYgs,1,0.00994207478169604,sad
oTZ84U-K_5k,0,0.0,fear
3aQRO29ZzbE,0,0.0,happy
DMu9Bna2PDk,1,0.010729575727026108,happy
ohwbklm3w_E,0,0.0,neutral
EgI_KAkSyCw,1,0.07099241328974586,neutral
lRt56Y9JMEg,0,0.0,happy
JWdTvyy6-mU,0,0.0,neutral
iXwfBJYCTc4,1,0.0016493878808101828,fear
ox7siCZnp9o,0,0.0,
8Vj9avZxuwI,0,0.0,sad
-qv7k2_lc0M,1,0.2043036139823481,fear
LHx63zUMLpM,2,0.06251738727971518,sad
rA1Kjvxu28w,1,0.03377768818614843,happy
bqgVB6Vl-lI,2,0.2506001040687372,angry
S_doxRtYd8o,1,0.06035724697334849,happy
s36hrId0rOo,0,0.0,surprise
HnE60IVm51E,0,0.0,sad
jItnCGRsMjw,0,0.0,happy
IkWxMG-JDk4,1,0.14900163332234398,sad
G_ZxvxtUwus,0,0.0,happy
1Q4MKOW8FZk,1,0.15239108924869976,fear
6oY8HIWBS-Y,0,0.0,fear
AeZ6a1A0-ow,4,0.0737704510723102,angry
CkGVMWK10qU,0,0.0,neutral
KZHiIVMIbF4,3,0.07947990546436105,sad
YycAzdtUIko,0,0.0,neutral
iLIAMt0wXzQ,1,0.03154168608937451,fear
O5BJVO3PDeQ,3,0.18588246847820805,neutral
ciW3cGluA10,1,0.2707393900894829,fear
ziUMJB3id8I,0,0.0,sad
lz7UgBP-m7w,3,0.1964005417355717,surprise
cPouwOKMS2s,1,0.1351524657396332,fear
qWAagS_MANg,4,0.0013546589258011308,neutral
JNvpcGV1frQ,4,0.08823835197943784,happy
Za6WWHSWAM4,2,0.0011232687929805252,sad
3aZuj_SDqDo,2,0.11507184601398876,happy
eHSvv8eSsvc,2,0.04216255629957004,angry
s6dMWzZKjTs,2,0.04563316928719158,surprise
YXy3emGbxHg,0,0.0,neutral
sZs4NDC4yrI,2,0.05899848437713141,happy
tiQevGDPgRY,0,0.0,
_RKYQdUUttc,0,0.0,fear
hLrFyjGZ9NU,0,0.0,neutral
iiADhChRriM,0,0.0,neutral
KoihlAl7ugQ,1,0.1341319783364573,neutral
vac6mJE8rqo,1,0.0011245791320309056,happy
YfBVm1hh5cM,1,0.14375955524511685,neutral
LILMhg2Vvy4,0,0.0,
IKyaNyYS5Is,0,0.0,fear
6wsFjjhZPJI,3,0.00895246118836389,neutral
ipJb4mB5bMA,1,0.17716284483162043,surprise
tV8OhAc3Zyc,2,0.1878200926614577,sad
My4RA5I0FKs,1,0.009855703919626346,happy
_M_Yhlh2PTo,0,0.0,sad
8eq2vGEEbB4,0,0.0,fear
I_1FPzRtLMA,0,0.0,fear
YQDDm9HLkV4,3,0.014658536101374516,neutral
lC5lsemxaJo,2,0.017967490896593923,fear
m-Ob3aq-wrg,1,0.16881176760791453,sad
h-StyszRCzc,0,0.0,neutral
XNYlEq46giM,1,0.04718132068053415,fear
HkPatmQFLXU,3,0.005204570195338521,happy
fEMxFSjmo5Q,2,0.029348912684955496,neutral
RyLXLFaspj0,1,0.021265826494434602,fear
9NKG9lR34dM,1,0.02209941566500927,angry
tl-Kmo2UTHE,0,0.0,sad
p1PgNbgWSyY,0,0.0,fear
5WL8Omm7b-4,2,0.03310723435707132,happy
XDniN3k5aQ8,0,0.0,
b1reY72ktEc,1,0.026042685068821358,fear
1Za8BtLgKv8,4,0.029063818108347225,happy
PmJbLFAHoe4,0,0.0,neutral
fuB6-qNwk7k,0,0.0,angry
yGPfKkjDIts,4,0.0011180027015183845,angry
8HEfIJlcFbs,1,0.0029728531908929452,neutral
_CXdl9H28uE,2,0.005522896588566558,fear
6B22Uy7SBe4,2,0.08679718241890845,sad
wNo7qoLRtkQ,1,0.0801488266020614,happy
w4xm9NHNUf8,1,0.8972379298639246,neutral
qju9ULFiW8E,2,0.0014526754215943229,neutral
3kJPxsELVAk,2,0.028743753700739994,neutral
hQAHSlTtcmY,1,0.03859609323847811,happy
GvzKAnzWTrw,0,0.0,fear
jzYEmIycjtQ,1,0.1566093595376151,sad
geUg4U7ru4Y,0,0.0,
RS7gyZJg5nc,0,0.0,sad
gAkwW2tuIqE,0,0.0,neutral
hxv1-twWRGk,2,0.13188107199548743,neutral
QqLgmequ7Bk,2,0.05183598786406947,happy
CLUWDLKAF1M,1,0.09173979013079285,sad
tYRS0aXaBC8,1,0.17317499401977987,neutral
26EivpCPHnQ,0,0.0,happy
yXWw0_UfSFg,1,0.08606648239239595,sad
nbE8B7zggUg,1,0.03311988207632061,happy
TUJWx7vo44c,2,0.020300412459061286,fear
SzkHeDPTLOg,1,0.2274003395141411,sad
uQJ7Map2qwM,4,0.12900808521852347,happy
fVDOB9mby_w,2,0.03390363325035853,neutral
UsOcXG2v3EE,1,0.01973596665100874,fear
yS3k_Inm45Q,2,0.006539084095887423,sad
TVfIr_uM5zk,0,0.0,sad
M400lV0GNV4,4,0.036789553131440646,fear
FPs_lU01KoI,1,0.05982478643173181,sad
n30DARxk9A4,0,0.0,happy
-xfra2_tVF8,1,0.22591958734646242,neutral
Xtu2WXehZe4,1,0.00036291750204024237,neutral
c6N-zitUQ3M,1,0.06205604493080652,fear
uHYmvUA0Y9c,4,0.03862106784118724,neutral
8qRZcXIODNU,0,0.0,surprise
zqllxbPWKNI,0,0.0,happy
PmV631kroUU,0,0.0,
cIR72bmWEEk,1,0.2217596413804247,neutral
Xo232kyTsO0,1,0.1639667322841592,fear
ZH7V2tU3iFc,2,0.0010471324356855246,sad
JeUFrZtKkn8,1,0.1221970255921542,happy
NICir0cWsEY,6,0.15212208713491893,neutral
bqNzbkIHYF8,0,0.0,happy
2GZrPR5Ajrs,2,0.32211686785561244,sad
2ea1FrrEJD0,1,0.1531513342091537,sad
lBYC4_Lccjw,3,0.006566433863093455,happy
3WQHDUYk310,1,0.12619232338606606,sad
9gxC3mhjCEU,6,0.018755539213517396,happy
7iPyz6Yqwl4,2,0.046425713403093344,angry
Pctzq_pT2MU,0,0.0,neutral
s86-Z-CbaHA,0,0.0,sad
A9tlDIhpMHo,1,0.0017317058250733276,neutral
HBMmK1c44sE,1,0.15821925854529278,surprise
T3sAYuOsqbA,0,0.0,
t9R7xx0joOU,0,0.0,fear
DrUVMdkb4_k,2,0.0020365109049978653,happy
Gb8LNB9Zka4,3,0.021521564308787145,angry
cJONS7sqi0o,1,0.5150774840053267,sad
2zE-J1rK1NQ,0,0.0,fear
mfT-UZCA6Tg,1,0.12881004917997263,sad
TPLnnSHSeLE,2,0.03543718165255238,neutral
dje7uhyW23o,1,0.20410987120855478,happy
8A7woRoVwyM,1,0.019728821390608574,angry
mTztlpAcips,2,0.03222871431006903,sad
kqQ0e0twSgY,0,0.0,
cNsUbtV001E,0,0.0,fear
uxRf7KS3abo,1,0.08449327077081155,neutral
K8gV05nS7mc,0,0.0,sad
ORmUUhh6O-8,1,0.0017539097234475776,neutral
BgVJDd5vHfw,2,0.14348198574452858,neutral
j5v8D-alAKE,1,0.010964180763088128,surprise
O-kn9GVOzWc,0,0.0,sad
uHt01D6rOLI,1,0.1653235210414035,angry
-gZLTLmZBGM,2,0.0010542486893568063,angry
_dSp_f0f9gE,6,0.03889599549416971,neutral
oZcKT37EsMs,1,0.05241842895862242,happy
_lYV47k3Rvw,0,0.0,
_J60fQr0GWo,4,0.07059757613717238,fear
iXbvS1CrqdA,1,0.05330220804008453,angry
ObQhpDQzfXE,0,0.0,fear
jsAWnYewsMA,1,0.0006225103749380247,neutral
Ie_m_eBevUI,1,0.05279850943629046,sad
cykdSb7xqI4,0,0.0,sad
7KqvkMQVQhc,2,0.12107747023187079,happy
7uiv6tKtoKg,0,0.0,fear
Oy8zSYKkczI,1,0.03276619284662451,angry
m62NJftSS7g,0,0.0,sad
ha4tRQwKIUg,3,0.007420675493631279,happy
eMBFhaxUIew,1,0.10041339316767335,sad
wev_gievHmo,0,0.0,neutral
sCfmM71NOTo,2,0.057662178128295334,surprise
WrOzwoMKzH4,0,0.0,happy
nMUuSGRIk9I,1,0.19632439480983369,happy
p0-ldVORQyE,2,0.016913233597923762,happy
Wutl6OP04jU,1,0.08847484815460323,happy
afwSzAkjT6c,0,0.0,
a_TSR_v07m0,1,0.008974673094348368,fear
66sNL_2ztnw,0,0.0,sad
3tvegr-O9vI,1,0.07568556957163512,sad
O25-_eEdxaw,6,0.04546448663666448,sad
jFpKVbsI8BY,0,0.0,angry
RRkaWQJFkBQ,1,0.06677785180031037,angry
Pqn-OH-jbrs,0,0.0,sad
uBEaG6n0XDs,0,0.0,neutral
pP44EPBMb8A,0,0.0,angry
sV6uuMAnJUE,4,0.05267038771478762,angry
DDo4CA13LbY,1,0.0440809120047561,sad
UYsaY4ga4aU,0,0.0,sad
uxhgrd6HWVw,3,0.06803442015480515,happy
U7Q3sKNuZA0,1,0.007938483094121693,fear
ck-89phIXsM,1,0.0008452643282817007,sad
l6T63M1XiDg,2,0.01035190337072183,fear
oRAuXHcAUiA,1,0.039597512098020565,happy
_fTC_Ud_k3U,1,0.009159476191990607,neutral
A1LUHmUcIsk,0,0.0,sad
4hCy4-G37jA,0,0.0,sad
ndsaoMFz9J4,0,0.0,happy
Px3T14RczDY,0,0.0,neutral
CdDXbvBFXLY,2,0.12144813196445385,happy
L8tdPYqFV7E,1,0.2033491419022539,sad
AAfwfZr0EHo,1,0.015004409604198372,neutral
FBbBWifAdCg,3,0.03625747434085952,sad
dAaw3g08K4A,0,0.0,happy
UCA1A5GqCdQ,1,0.05784143394434068,sad
It0o9T5OS_4,1,0.053085754650333,neutral
DRQnZzW_FZU,1,0.027598203321216108,fear
8BfMivMDOBI,0,0.0,
nxnZe6wjjqU,1,0.009244058813087071,neutral
XKehq1w4vfg,1,0.013108949867839531,fear
cH66LWWluVE,0,0.0,fear
W9ME-WBlkeM,0,0.0,fear
48DD3kekP3E,1,0.04166322288242024,sad
ztRSm_SJP58,1,0.12015247659763241,fear
j1LDtdlDyjU,1,0.21892848632971437,fear
o1zIgTwENPg,6,0.043413268821382696,angry
WLex9xvQycQ,1,0.08607196006296666,fear
hC4eog5cY9Q,2,0.01829059857812322,neutral
9i4SKHbhbqk,1,0.007277609434091197,sad
VjzgbZL12VI,0,0.0,neutral
-wmfpoq_Y0E,2,0.07333191088680084,fear
yWO-cvGETRQ,0,0.0,neutral
Sx6dAx7dnXg,0,0.0,fear
rP86Bby9Y9M,2,0.0801712441014307,angry
In0nB0ABaUk,0,0.0,happy
HLedllETYD4,1,0.002237157385889077,angry
xflY5uS-nnw,0,0.0,
895AKrvz_AI,1,0.00046913480042146854,neutral
ZqNDkSqL4TA,0,0.0,sad
J5HtSy5bATk,0,0.0,sad
tsxmyL7TUJg,2,0.04888074285100932,fear
vw9zyxm860Q,2,0.1869557207589979,fear
-E_TWPCkqy4,0,0.0,fear
fvu5FxKuqdQ,0,0.0,fear
iBy6XRHPODQ,2,0.07633258733687386,fear
02eN2a85Q9U,0,0.0,
59v360lNqgQ,0,0.0,happy
18oAkxwYQh0,1,0.08560720569444787,fear
kZC12U6EhTc,2,0.061036852083132344,sad
7uG9PGqaWeo,4,0.034179221317732655,fear
l6oF3_x4WQs,1,0.029389791509629504,happy
dzKWfw68M5U,0,0.0,fear
u8cg5hhHJlA,20,0.0038056986988880856,angry
lT3vGaOLWqE,2,0.07066166139765603,angry
smkyorC5qwc,2,0.004768152983106119,fear
TJvHHgGerJg,3,0.10265142793591722,neutral
VuP6I0mOb1s,0,0.0,
ytbyFzOt320,0,0.0,
sM82m4NpdmM,2,0.04746017882691149,sad
rZizVUKe4sQ,1,0.0019479008212677702,sad
7JBCHECtS58,0,0.0,neutral
LQsjNmkqUOc,1,0.060759046033846166,happy
fTgm36y884c,0,0.0,angry
s6mMvBeEPT4,2,0.03311430489139942,disgust
q9ZcPtvTKpY,0,0.0,angry
w1DABg8pSMY,1,0.07857084348824578,neutral
_6Yr7tseOi8,0,0.0,
6R8n6FbXVc8,3,0.45196798746852435,surprise
4G6Y6glM_hg,2,0.12263752297280288,happy
j_pC0-Jfsq0,3,0.0200806841731618,happy
k_tQk25pR60,0,0.0,
_8Nb_zgWZZ4,1,0.054804943374803974,neutral
LdZaqnAOthE,1,0.010745410087078603,happy
j9n5rlgnbjI,1,0.04761225139201997,neutral
lMbseuQR2G8,1,0.15504371687989582,neutral
ZiWlthrtneU,0,0.0,happy
8ORLN_KwAgs,0,0.0,fear
WUvTyaaNkzM,0,0.0,fear
7TN09IP5JuI,0,0.0,
ipRvjS7q1DI,1,0.019089569583411504,neutral
QHPvke8RCQU,0,0.0,
kJcpTSNWXdQ,3,0.25815491049159794,happy
sVEY5AL5zzk,1,0.28587062539693464,sad
-ybiXR2WCFQ,0,0.0,happy
Uhhw6Jw295o,1,0.32939035689825685,fear
icLK1J0n9I0,1,0.05789403965340575,happy
Z5FoX3ju2J0,2,0.20693825298782265,angry
ZMByI4s-D-Y,2,0.06711466402924998,sad
cuHDQhDhvPE,0,0.0,fear
pZo0r45xxC0,1,0.15088819168340806,sad
9vncG0IP9qU,2,0.0057423090165937335,sad
4timuAnUnG4,1,0.06232761010514878,sad
b9bUUHsn-Pc,3,0.02560682457846623,sad
kvCHcrzLL8I,1,0.1648602289370481,angry
KePNhUJ2reI,0,0.0,happy
kFEka86Lrrc,1,0.03739172078991411,neutral
PeACT6GHBh8,0,0.0,sad
dPIaEWd8zf4,2,0.0013975412831253682,fear
CiRBQ3frG6U,0,0.0,happy
pv8s9dGQ0l4,3,0.21322191159820686,fear
zFk_JjsTMKc,1,0.12504851878294176,happy
_r9Ndb6N_y0,0,0.0,sad
8pD7MXQfdqU,2,0.04740806244549832,sad
GNlQjzje2gw,6,0.05590519098868173,sad
_BL1y6v974Y,2,0.01916085508256439,fear
puMYeBRTsHs,0,0.0,surprise
Xnaj9ULhwqU,0,0.0,
6Ock5HVWPlk,2,0.030414648910034935,happy
cZFhjMQrVts,2,0.18767877342819803,neutral
d5Eewda7Xsk,0,0.0,
icwENiwT1zI,2,0.07853821494813473,neutral
spUNpyF58BY,0,0.0,fear
sI7E8J1sGvw,0,0.0,angry
UzEyHb4mvkk,0,0.0,
VpNX324owaQ,0,0.0,happy
ClzJkv3dpY8,1,0.09149011462829397,happy
ZVPsNDonA84,0,0.0,fear
1GfuKF4uENc,0,0.0,angry
F2xv4fba65U,2,0.12346487066625438,happy
KUqg8XtAHnc,0,0.0,angry
BHdezYIgLDE,2,0.04843435681512347,happy
UCq_cDPeY1k,2,0.0027911794944510703,neutral
jA-DBKQsHp0,7,0.07388530721749854,neutral
FDng_dnHKFg,0,0.0,sad
Qhaz36TZG5Y,0,0.0,fear
C2EfChhlEYo,0,0.0,sad
mgCMRai9K8I,2,0.08609656196714342,sad
Dd7dQh8u4Hc,1,0.1445132602568012,angry
84sHN6_MyMo,0,0.0,sad
FbPE8AtkkC8,0,0.0,
nNmRDRfnX6U,0,0.0,angry
GRo32Ug22HY,3,0.14606592223606676,fear
aO3JgPUJ6iQ,2,0.0676851669426181,neutral
s5Ma_9dTtZQ,0,0.0,
2OSrvzNW9FE,0,0.0,fear
BriBDiBxaMY,1,0.03698002587884174,happy
P69xdkqBJno,2,0.04116979520262046,angry
UPS4nxI0b9g,2,0.012437276804916514,happy
GcdB5bFwio4,0,0.0,sad
_RlxCc0M6Ko,1,0.037351205338516394,angry
fx9-cMoEv7k,1,0.040340202414986884,sad
ePN1J_c4ulw,1,0.2290620457766936,happy
NRjKjgdjCXI,1,0.0002838133100643366,surprise
-UdWguw90g4,2,0.03643712093482615,fear
DZ9wk6aVjT0,1,0.07206755378114091,neutral
eWISIF0k8Mc,5,0.09210565278792274,sad
IoaIQSIHuQs,2,0.1949895105611035,surprise
BqLH-nTZEOc,1,0.039846477343211416,neutral
HGzlV4ggudM,0,0.0,happy
Jl0IDXkYKbk,2,0.044534288288101985,happy
0txXeFdn1PM,0,0.0,happy
P_aDQDtcd-8,0,0.0,surprise
lA77zsJ31nA,1,0.041841050552450014,happy
CwF8DYf5dDc,0,0.0,neutral
AYA9twQXBq8,0,0.0,sad
VR0xCO7BFgo,1,0.0613803298552941,happy
_uBH-oZwceE,1,0.02263635897366233,happy
PGqZkOveLb8,1,0.018881104114657824,happy
2Sj2fd6b_Cg,2,0.021431333209815825,sad
gWVHses2GCY,2,0.1440708835300499,happy
xjW-isgOijs,1,0.052338113526735064,neutral
4x04M8YwOBw,0,0.0,neutral
aJukS3HjYWY,1,0.022849828181147638,angry
RYSvCb14JjU,3,0.04329778762901494,angry
2oysDxhHEEk,1,0.15980779291105213,neutral
l0IefQRFVfE,1,0.04100620715233112,fear
p6OkpHNtvE4,0,0.0,sad
v191Y8AUk6w,1,0.01583711015488916,fear
UNbgIxL3PyM,3,0.12541471208592858,sad
XCuz0pqBKb0,0,0.0,sad
Viz-GXRBj0E,0,0.0,sad
kjyeCdd-dl8,0,0.0,sad
2fCi1R06oQ8,0,0.0,
8vW6qokJ22o,7,0.0654232063111648,surprise
GTW8IplsKmM,1,0.18749327483831923,sad
eopL9kmMhvw,3,0.09511024954101432,happy
E0WT1HtB-Sc,1,0.03795387132697316,happy
rUely4qsxaQ,1,0.002708576847473725,angry
I-VmHtzFnBY,0,0.0,fear
9EvbqxBUG_c,0,0.0,neutral
bP9lPl0LuR0,1,0.01621647416751431,fear
FH-_Mtkugbs,0,0.0,fear
-plesrt8ZCs,0,0.0,
dwt8LetFRSw,2,0.002896943193907191,angry
mfokPqeSNcw,2,0.6519905806553571,neutral
a8HoZlhenZ4,1,0.17323306539664146,sad
n0wvDwSnzcw,0,0.0,sad
zFiw3_uXyyQ,0,0.0,neutral
cn1kw3_mI70,1,0.13696362839994333,sad
jFS9rRTXue8,0,0.0,fear
RXqSedWSu2k,0,0.0,angry
1fPWr0d5zBE,2,0.036598483406087325,angry
Wul0SIpKaIg,6,0.025401573119004803,fear
USuh4mYfFYQ,0,0.0,sad
1lJhcmuMeBA,0,0.0,happy
Q9BVIwyUr9k,0,0.0,happy
KM0ZV1X9o7o,0,0.0,sad
zIOFGCbwJSs,1,0.017095069031210088,sad
CCkPhYiKbJU,0,0.0,neutral
JzWtoP1Xhc0,1,0.20466979903176935,happy
DFtBjc1dz7w,1,0.000501954432935842,happy
1zx8-CBtXIs,4,0.0009295378056625244,happy
A4orCB71BgY,0,0.0,angry
2h6k6eg_RmM,4,0.3337018959972233,neutral
5FWfg__wKSY,1,0.20803616068183223,neutral
IDtHjIe13aU,0,0.0,fear
yg3yHYQi02I,0,0.0,sad
9cNmUNHSBac,1,0.003150877535811358,happy
dmbpagijVkk,4,0.023244389117923623,happy
HEaaln5jDl8,1,0.19813834002482508,sad
WGcqICKfi9Q,1,0.17337246968407727,happy
DF-yBAkLFfw,1,0.0008627221730519194,sad
IbgPYS3RnTA,3,0.20893468788574174,surprise
IF59QNrF1VQ,0,0.0,fear
YJlOmF0HK9w,1,0.04811157562853623,happy
xnWKz7Cthkk,0,0.0,angry
Rd_BRT6_TPk,2,0.03655907493222104,neutral
BShvYeyMm_Y,1,0.019921329298987177,neutral
VpdK79WVd_M,0,0.0,
nX4d2mxwCS8,1,0.21095799984533375,sad
BDPCrGjAKXk,1,0.03332201403632401,fear
vLQeb8LWyh0,0,0.0,neutral
vymlkhTgk_Y,0,0.0,
eEBXYh_ND-E,2,0.014594109339749492,neutral
faI8kacPGbQ,1,0.01672597661570118,happy
_aAZOeftU74,2,0.0171533195064967,surprise
VkDEUeqQUXY,1,0.24065794256517015,happy
4o_JjYV1OZE,0,0.0,
s--5ft5YiHg,0,0.0,sad
UCW_UH-k-ec,2,0.08243930694438732,angry
CA-eyG7lUv8,0,0.0,fear
Zz8MCVJb0_k,0,0.0,sad
aydFCQiUW44,1,0.03099619477004934,fear
klpDHn8viX8,0,0.0,angry
IABIU27z7_k,1,0.1387814551386441,angry
U4nBnuv9n9o,3,0.008435082331096359,happy
mNTBC7Qe-R0,2,0.04021928843558877,sad
ADsp3UaLhl0,1,0.1168976115010077,neutral
ecl-eCbYFPM,0,0.0,neutral
tbm-izZisbw,0,0.0,surprise
BXpu6tbFCsI,0,0.0,happy
m8MQTE5uOoU,2,0.0008386713929515584,angry
NQNAdgo91JE,1,0.20729379926500416,sad
DvlyzDZDEq4,0,0.0,neutral
dLyt7H7gyhI,2,0.11933757079460065,happy
hzDzv4NVlfE,0,0.0,
MCMY2kMVPa4,0,0.0,fear
bglWRBB6ZM8,0,0.0,angry
CwwZFxH1W4c,0,0.0,angry
4GCO9k1FKaE,0,0.0,neutral
y1XbPl1XB44,3,0.060698361534974134,neutral
1AElONvi9WQ,0,0.0,happy
iI1o2hNy2hE,1,0.0008713141094237168,sad
Jl3K63Rbygw,1,0.13150907196680311,fear
XUtatDjX_i4,0,0.0,fear
GLSPub4ydiM,0,0.0,
lfGeJHksykI,0,0.0,neutral
lKdY1OoCZ4U,1,0.04276044889198602,angry
qeAfdT1Ihpg,6,0.1126477220820723,neutral
5ZYw4MIUgk0,0,0.0,neutral
QQmFClkyoPY,1,0.07770602330744522,happy
mLUTB5TwM4o,0,0.0,angry
Q9SZlypyK-4,2,0.01937086022040982,fear
6QXt1AhlYqs,2,0.02107610108924291,neutral
wmW4K1xkvoQ,0,0.0,angry
yOwZLfjmysY,0,0.0,neutral
YUyuIcy_Lg4,0,0.0,neutral
aFdBcYN3sNw,3,0.004163397971974518,neutral
RtWbpyjJqrU,0,0.0,
cLNyF1Zw5tg,1,0.0691014768427946,happy
QdalHDSQRDk,0,0.0,
pKcJ-0bAHB4,0,0.0,happy
uuSwnbb65f4,1,0.026286987188996136,angry
gDmcL3LBEo4,1,0.010114439694476056,sad
HJyMIjmvp7w,0,0.0,
HZigkcTxRo0,0,0.0,
YMRfZHIGhMg,0,0.0,sad
0AN1VkClpc8,0,0.0,
rKtFJxGzJX8,0,0.0,fear
IPJrTDcUfxM,0,0.0,
ZDiL_9EYzy0,1,0.02062888408285289,sad
U9DyHthJ6LA,1,0.13686773533056515,angry
QlaeirHJpns,2,0.11607998512990737,sad
qunNYOC-toQ,1,0.0032184525754968894,sad
CmI2dXo14sY,2,0.09026338415802747,happy
saANxD0cqy0,0,0.0,sad
H7M74iEonn0,0,0.0,angry
sZ7Jlq9mQrY,0,0.0,neutral
kEIvicUmegs,3,0.14357001543852874,angry
UXR_bqyAy4E,0,0.0,
Kas0tIxDvrg,0,0.0,happy
LiEFyZGcK5c,0,0.0,neutral
d7qqu9HC7V0,1,0.12278901813318953,happy
FnSr820S2Mk,0,0.0,fear
YIafrsAWS1Y,6,0.0997663359865189,neutral
mkpCzp0CmjY,5,0.0012835174196152365,neutral
B6KkwjGecmo,0,0.0,neutral
S0EHWgR6yVU,1,0.06576799170295544,angry
43diGN3pR8U,5,0.034385115798727384,happy
9yRerlN3XJw,1,0.017962850423876565,happy
ztninkgZ0ws,0,0.0,happy
NXCtgI2lkFw,1,0.11839637349841117,neutral
VmzQ2hdfQcs,2,0.11086820560478372,neutral
Bb5VfiFy0kY,0,0.0,fear
q6yHoSvrTss,2,0.0007689831222523935,neutral
d25HklopoSs,1,0.17351973173701177,sad
uuhkVTJ6A_c,1,0.10087874739064015,surprise
rXHTXdlWw1w,0,0.0,fear
gW1CShFy0NI,0,0.0,sad
stRtOHjh6lY,2,0.08911422530344579,happy
6A8W77m-ZTw,2,0.009512222973215911,angry
Auh74d_OG8Y,3,0.018753275339285613,sad
YrpoK7Askck,1,0.049808398465625535,sad
TPpoJGYlW54,0,0.0,surprise
Qc35afiM2f4,2,0.026156747173182945,surprise
G4Sn91t1V4g,1,0.001924997825481114,disgust
9biIOtEYeHc,0,0.0,neutral
l2ojCqhqGZ8,0,0.0,angry
RuAQo97K-zE,2,0.09100734995245653,fear
KSiZrKvHlVQ,1,0.12087393970727286,neutral
hhSYpPSnfww,2,0.25027023873530196,neutral
9zMOrX3MM-s,1,0.050133846569579595,angry
TfPz27jsFiU,3,0.20798439414538733,happy
-dmiS_6YrGU,2,0.01863890042940562,happy
DBkONFkdWSM,0,0.0,angry
H5XWyPgUCm4,0,0.0,neutral
oDqGAUvWKkU,0,0.0,sad
lQYzT49hyKo,5,0.07416166469938111,sad
88aDJFdUjH4,0,0.0,sad
W12vb_Crf00,0,0.0,surprise
3mnSDifDSxQ,0,0.0,angry
kd2KEHvK-q8,0,0.0,happy
ioI0EIUerTQ,2,0.03645214353538348,happy
dzmATptvbFQ,2,0.055953112493935905,neutral
OVCJ3sOrXeA,0,0.0,neutral
AbzCt9GWZjo,0,0.0,sad
9ElPvR3kupM,1,0.005476353985213791,angry
3TflpIllQHY,1,0.020158326069449686,neutral
EmcMG4uxiHk,0,0.0,angry
8i67R5bnb14,0,0.0,sad
N6cfFnBNELs,1,0.032002015405645984,angry
tMNxgi_0eKA,3,0.07978837965864335,surprise
p6ff-ShY5Bw,2,0.0166781172795163,angry
RmAYo5E52sI,1,0.06498121547063723,surprise
n3IYmdy6d4Y,0,0.0,sad
yJqsPBWbtjk,1,0.5850010659844783,angry
Gj5lJWy0TYk,0,0.0,neutral
SorWwznGdCU,0,0.0,angry
ZQxirOH1YEE,0,0.0,
F6dZvCWe94Y,1,0.01627046833583563,neutral
rRRUrhomU3o,0,0.0,angry
rB83DpBJQsE,1,0.0005813572960485342,neutral
P1EalbUQfiU,0,0.0,neutral
gis6urgkFoI,1,0.14242553976190264,happy
bGHM6DSAgiA,1,0.15455930002414334,fear
tXqQs7oMwmg,0,0.0,neutral
HA2J71KQV24,0,0.0,neutral
Sep0Otx4qO4,0,0.0,sad
ZJy1ajvMU1k,0,0.0,happy
CV7r9O9AbrA,0,0.0,
60wLvPWXCCc,0,0.0,fear
g93tfwqxgiI,2,0.0005629738083507618,angry
s4mGOrbEKbs,15,0.017035927611286753,neutral
QjuWqBzO7qY,0,0.0,neutral
IknbgnJLSRY,0,0.0,
kuYylDsN6KQ,2,0.0472858317382755,surprise
j2umt3WZU8Q,0,0.0,sad
fuFQzAKbrtM,0,0.0,angry
QqZBC60vuhM,1,0.057993689758358315,angry
db8e1yYw6to,1,0.2508736552877099,fear
gElfIo6uw4g,1,0.03558641614147367,neutral
a1plyHeIVmE,3,0.1844153167735658,neutral
MU1_QlN3Z98,0,0.0,fear
Dd1JUTA7Ijc,0,0.0,sad
eRjnPwoxSWU,1,0.07238246008479501,sad
XhulR_kJf7Y,1,0.01796060537678083,neutral
JZ2fRE_nkak,1,0.1516183740636633,fear
ZxKqoIOiW7s,2,0.015395226970313161,happy
mht-1c4wc0Q,0,0.0,sad
7XoGwFNUwiM,1,0.05596220007113112,angry
ir_OzWzbnC0,1,0.08356206104445442,happy
fNk_zzaMoSs,0,0.0,angry
6L-BogO6HwU,2,0.06690366565760542,sad
XkZ6-9lxRPg,0,0.0,
Yb5D9Q4gZH8,3,0.020804965153802188,neutral
ii50SWTJSoA,4,0.06297103542676369,neutral
CEHMfdqwWXA,0,0.0,neutral
8Sn286tPtDE,0,0.0,fear
VqP-2ftKIYI,2,0.036891989858575266,fear
kUfF2MTnqAw,0,0.0,
y4mYPMvEbcQ,0,0.0,fear
NzJuDo5ots0,2,0.06779135866120214,fear
QyUFG359bLY,0,0.0,
d4EgbgTm0Bg,0,0.0,sad
GEjya4OPqNs,0,0.0,sad
kIID5FDi2JQ,1,0.010138110235580674,happy
Q11jwThxBBI,0,0.0,neutral
_FLo14GMYos,0,0.0,
KGAj8IhnR3c,3,0.017820587133125326,neutral
5GiBolhyjcQ,1,0.036971982857066904,sad
bs0SWXbty18,2,0.01460516526027277,angry
xqf7SfJUepE,0,0.0,surprise
oUoO3Ik8aIk,1,0.007074957913247696,happy
3GyrXqGCszE,0,0.0,happy
ryg077wBvsM,0,0.0,sad
-my4qBBNRBI,0,0.0,
sStxk4mv_DY,0,0.0,happy
c3wKkZULCHg,0,0.0,fear
vboQOQwifwg,0,0.0,disgust
ZDxLa6P6exc,0,0.0,neutral
6L8yUY-doNc,0,0.0,fear
07mBfR8erMY,1,0.2752817577372222,angry
AOIi9SjJvgU,1,0.2228295913999409,neutral
r6sGWTCMz2k,0,0.0,happy
XolBNaavdAQ,2,0.2175363005104916,fear
pMPomCWUraQ,0,0.0,fear
Ej5Ap4B9q9I,0,0.0,neutral
AgMcqNnqatw,0,0.0,sad
xlvxoNzUxfM,1,0.04961383016233109,angry
WTxTBFU7Sdk,2,0.0375097460971478,sad
qfNwL8w5F4M,0,0.0,
eLAwG7CjF_k,1,0.0032882833026656043,fear
EK32jo7i5LQ,0,0.0,angry
el6No1wNKf0,0,0.0,happy
-9kzxE3PfE8,0,0.0,fear
qXdBYPTN_5Y,0,0.0,
otjvUz7qKXc,1,0.055640552026396915,angry
vl3CtEMr1oA,0,0.0,
mH7vFc0bUpU,1,0.08265735341657862,sad
V2UDvKojIjI,1,0.19045659205991872,fear
YcuofODMCMU,1,0.08347263457140647,sad
t36jHEyK9C8,1,0.009639718886646734,sad
GDrBIKOR01c,0,0.0,angry
HhrbbYD5ScI,1,0.16690396087712847,sad
K7s1IYVfvSA,1,0.04780835645428548,fear
qLvpLGFacjQ,0,0.0,sad
0cJH8_0M-bE,0,0.0,neutral
Wnptqz_177E,1,0.0896854164185667,sad
-l9dawoTDqs,0,0.0,
QLFRGj-PPNI,1,0.10384975839664548,angry
TxU4pj8l3N4,0,0.0,
bCtllVKT2tA,0,0.0,
X2bu3UjCxj0,0,0.0,fear
vHuFizITMdA,0,0.0,neutral
Z5x22ef7A-w,0,0.0,happy
lex6USTugUU,2,0.10631327263985137,sad
qpipLfMiaYU,2,0.1275363620904702,sad
Kjp3PTeXBew,1,0.0814893997405367,sad
yyRwM0QqZCs,0,0.0,sad
xmRaWhae5e8,1,0.025579872351227096,happy
wwH3rA8Evow,2,0.08139770540347362,neutral
9ugC3TXSKoE,3,0.19226975976751962,neutral
3-0-81q-fGo,1,0.04158233487225112,happy
Toft6fMvByA,1,0.013750342533256925,angry
fdFf5PRPE9g,0,0.0,
-QgJgZCJvo4,0,0.0,
cDoRmT0iRic,1,0.00661669435139427,fear
KnMKCHqXLow,0,0.0,happy
K4rCzA8fS84,0,0.0,angry
DPsri_-tIXk,0,0.0,sad
Mwt35SEeR9w,1,0.02163832117841139,sad
7iwgyzX-76g,1,0.16204998382368843,neutral
NEoOJ0uRskY,4,0.1274473771349666,happy
Y-orMndwuSE,6,0.060147349827344036,neutral
0viKv1RDhak,1,0.016979384669636298,fear
sWy1qmMoToM,0,0.0,sad
Tgp2cZd1sB0,1,0.16948186731257328,sad
VrKW58MS12g,2,0.006930492600998959,sad
y-yzL5zJVno,0,0.0,sad
W2Cv5hZfOmk,11,0.014101360638047077,neutral
IHMFDxLcMYs,1,0.06413373365108933,sad
Pb3SRG1Nvv4,0,0.0,happy
MGDT0LYJmxc,3,0.24522972436681206,angry
-sJ6IJZJhUU,0,0.0,
0sr1Xeocuuc,2,0.2734247349555356,fear
CLUy9DH7V2M,0,0.0,happy
vNIe_UwHPU0,2,0.09964273243122888,fear
iVv_xiIx22Q,2,0.04703087570923395,fear
P09pTe54uKM,2,0.09308197512143832,fear
094y1Z2wpJg,0,0.0,neutral
lgc7uqWcp-w,0,0.0,fear
atCA7JWOi_0,0,0.0,fear
0EhcAzhauRM,4,0.07743008567757999,neutral
z2qNEOnlxjA,1,0.04515989122393269,angry
OhV3wb_FVEE,5,0.12127720417300528,happy
Pv_5VTrHyqY,0,0.0,sad
SXsQeGVk3TA,1,0.030975003116679244,neutral
XUhXLsrZiE0,0,0.0,fear
a6Vc9XYwdNw,2,0.017236654690810205,fear
s_Sf4wfwvzI,0,0.0,happy
kzJLVWnzLqA,2,0.029641197666548276,neutral
s9X9qymgshE,1,0.15266062506220718,sad
ey6drwA_xvE,0,0.0,sad
hYf6av21x5c,0,0.0,
7_e0CA_nhaE,0,0.0,neutral
kD80DmquP5M,0,0.0,neutral
P9FXWmwvri4,0,0.0,angry
MujRLvZ61jE,0,0.0,sad
Jpd_CUX2o98,2,0.0006402312765337431,happy
mqZS-hEPE6k,1,0.005557369105815724,fear
vPdkgaHnZuM,1,0.017383989491849612,surprise
HuEREfPjT5Y,2,0.017729692932023478,angry
cEdfD7j-LnU,1,0.0005537616627083884,neutral
sgu2mQ65kVc,0,0.0,happy
1Rf9-Ej2xPw,3,0.08296671007064611,neutral
F0LNbWM-Hno,0,0.0,fear
Y5yCbi4qcpk,0,0.0,
sD0NjbwqlYw,1,0.0004518410650133673,sad
IVQ3yH-Zusg,2,0.06873980471959233,fear
WqBZVlgORbY,1,0.10951425522141058,fear
DPthR7Z0um0,0,0.0,sad
R1Nq92M3kfI,0,0.0,neutral
A1S4pwewhyc,2,0.1446966273802991,happy
x1H-323d838,0,0.0,happy
prd2RfhF1tM,9,0.04488253487223397,neutral
ZOFJ06mLAJA,1,0.012303969322420016,neutral
j-2ZxldMO-M,2,0.1438827399973972,fear
FjtRbz1LE4Y,1,0.1162540028238598,angry
3_9v-7rtVDk,0,0.0,
xC-c7E5PK0Y,1,0.08753886804252084,happy
kiSm0Nuqomg,2,0.0011924652930611047,fear
IJhgZBn-LHg,0,0.0,fear
vzSfnduxNDg,2,0.4025108752685575,fear
ViJrqqBo4J0,2,0.026128731016854846,surprise
TLnUJzueBOQ,1,0.10198785199955182,happy
vDBzi0n9Fxg,2,0.014487267639067594,sad
GTXP2FzQS94,3,0.37309795179005506,fear
F3RGIBExjfE,1,0.06945780134938104,neutral
TwIvUbOhcKE,1,0.05790542773052039,angry
3dEfc9LL9bQ,1,0.06726332572716728,happy
oiTmN3NyV0o,1,0.05345699407893941,happy
fPcd2egOQnI,1,0.22131419863516485,surprise
UFyIMBlFyos,1,0.0735085392990479,neutral
EiKK04Ht8QI,1,0.09754050228889179,neutral
ubTJI_UphPk,1,0.16313313211409575,sad
n9dlwebb04Y,0,0.0,happy
TwNPKb9ol8Y,0,0.0,happy
_igf9kSG60A,0,0.0,fear
7KwzVus9xds,0,0.0,fear
_bggaA5AURA,1,0.0024161098604247398,sad
h6fcK_fRYaI,1,0.11978003104159143,neutral
ITVVgoGZMUI,0,0.0,happy
jAhjPd4uNFY,0,0.0,angry
pPyfwf-Vw0A,0,0.0,neutral
mvW7fNpEmUE,1,0.04068106608382626,disgust
PCRx78Zhj7s,0,0.0,sad
leL_bsHEZdM,1,0.06780794003918901,sad
xKcx7vXZcHc,0,0.0,happy
rRgQ067tyNg,2,0.03332842210816226,happy
z9rfPuCuDmc,1,0.3830542783270357,surprise
Z0xDAUXPc8c,1,0.019924284776448076,sad
QtMzV73NAgk,1,0.026451927654758643,neutral
CH4TaEFtcvc,1,0.011682258537016928,neutral
RoVnb_TlJ8A,3,0.12882533966878934,angry
ZnfhpaVs2gY,0,0.0,
WG-IShOxrLg,1,0.015477320907035493,neutral
PYlLNyX2nCE,0,0.0,
GVTRJa4B4fY,1,0.01834265835576389,happy
t-osG0F2MZM,0,0.0,sad
tLExSqNNMPc,1,0.19132914696363085,sad
Baa_Db8RfxM,1,0.09925438293963049,fear
g8utYlNlb9A,0,0.0,neutral
vECmNK0xHNk,4,0.025058248893228666,angry
CVClHLwv-4I,1,0.10891538017563107,sad
-28pKoQdMl8,1,0.09031458587329931,happy
0zMSMJZc9EA,0,0.0,angry
PmoHSczX8pU,2,0.022367048834667003,fear
nl-krobOENg,0,0.0,
n1hR9rpvS74,0,0.0,sad
lIHWgKIXaJU,2,0.031186769217136114,fear
gB9n2gHsHN4,0,0.0,sad
veMFCFyOwFI,5,0.0025615797886863827,angry
Zn0GBm1ltIk,1,0.0008194329483093396,neutral
iokVvwcut5o,2,0.11484331942636418,fear
IHZwWFHWa-w,0,0.0,happy
glidaMrZrdY,1,0.0006684186151286061,neutral
eMKjfbIPAtM,1,0.028356835379680787,neutral
8kef1wXcQYw,3,0.03044889605557728,happy
7OeeHz0uNdM,4,0.05485350644451905,fear
zFZ5jQ0yuNA,0,0.0,sad
0oBi8OmjLIg,1,0.02152312570745077,neutral
rS_qpJvOc7k,1,0.17595338886825024,sad
65E-U_xd4VQ,1,0.10157994908087858,sad
lf8daKt3UlY,2,0.0008713557408191264,happy
1-XqGieWOv8,2,0.0021350713848119086,neutral
_uX9adalziQ,5,0.11363029654559492,neutral
Ilg3gGewQ5U,1,0.03869305440188883,sad
xlPJfeNzBzE,5,0.0618691320656439,happy
sfMUn1U3aSk,1,0.05163148351610289,happy
5iPH-br_eJQ,0,0.0,surprise
_UuxZviRjus,0,0.0,
0U_Mpg59FSw,5,0.06831542202482321,fear
LuM1IXl66B8,1,0.12354881627343174,neutral
u843KNE-exo,0,0.0,fear
Hv6EMd8dlQk,1,0.029166487404414108,neutral
KhQL58CYyRQ,0,0.0,neutral
cnn_5YMpo3Q,1,0.09177116529452986,neutral
et8Cn9q_A-g,0,0.0,angry
YI3tsmFsrOg,0,0.0,happy
U6Crdz7Uo7c,0,0.0,neutral
hhBQ-sHYEtc,0,0.0,fear
u3XSfVPFM74,0,0.0,fear
MGVraepNj04,1,0.0006736490639741532,sad
uJa584PPm-E,5,0.045964742829770935,happy
MoOvPtI5M4k,1,0.08530625429160207,neutral
k6zVmxp6dOM,0,0.0,angry
48oOpnKxXtk,1,0.009991863193909012,disgust
RK78IKPzeNc,2,0.06781058588239627,neutral
Iv4J3MDhe8M,4,0.03293674699972952,angry
QLq6GEiHqR8,6,0.01903284923289195,fear
v7MYOpFONCU,0,0.0,fear
OYCvbBijvQM,0,0.0,neutral
LqUxOfIdxxo,3,0.014821623191637627,happy
QEqVInxyL5w,2,0.0007668956009789933,surprise
N5SrDhe4bE0,1,0.026050417859038742,angry
WXbidC6q5-Y,1,0.02286212550162923,surprise
SQUNZTdwGoc,2,0.045824160239422373,sad
45eWEO0gRHI,1,0.07058399683488005,sad
ppi0khS0s_8,1,0.02256755827473171,happy
va4P3RKW7T0,2,0.10125446721906126,neutral
ZIQiK1-5zY4,1,0.04134557493931425,sad
QQh56geU0X8,0,0.0,angry
zASl44yR1M0,2,0.0014050035124455462,happy
v5y_D875HMQ,1,0.19156136573022095,neutral
qfS8-Qvvmfk,1,0.03741000065555757,neutral
623AC6a6org,1,0.00536728007327838,happy
nzFykQv6Q08,2,0.005970627709135038,fear
jIzXsLTf998,2,0.0645220479571233,fear
AVaPxM78mDo,1,0.07605312737070866,fear
wduZHtRbSkY,2,0.4095800506412028,fear
57URnhbFDQk,1,0.019433361463489215,neutral
AhxpnCW1mp8,2,0.04245129729646578,happy
vo_Rz1xPOXI,0,0.0,sad
jHbyQ_AQP8c,0,0.0,sad
J-LqLU7CxeA,1,0.0801656911499064,angry
3Awwne_NpJQ,1,0.0006811105897334831,fear
Bbi0kEaTgio,0,0.0,happy
5YBwDNfOaxU,0,0.0,happy
2FPrJxTvgdQ,2,0.03399150492683879,happy
kAEL0zTfbU0,0,0.0,happy
UjtOGPJ0URM,0,0.0,neutral
Z4BKrSazQh0,1,0.2616298937758984,happy
gO8N3L_aERg,1,0.06784551855819397,sad
ZYPtgjKJFOs,0,0.0,sad
MCW5HUkrr-o,2,0.006392568772586552,neutral
H9p4-pzoz-Y,1,0.18055116418450376,happy
EC14e50xoDE,0,0.0,
UT9a7EtxQOM,2,0.07363324979904368,happy
qXkM0ItZ_X8,0,0.0,happy
DiaDblUd-lw,2,0.039885309987640644,happy
Y7nymZEXjf8,2,0.1955918345285237,sad
-XbX4eQlwgs,2,0.3040138650118729,surprise
TK1IAe1eDCo,0,0.0,
NQcwgZbgLj4,4,0.0919811499866733,happy
YeFzkC2awTM,1,0.004324838292764323,fear
vLaErMfgJ8Q,0,0.0,sad
xEeyLDTAkK8,0,0.0,neutral
RurHZGQtbmg,0,0.0,angry
XpMhtAqOPKA,1,0.07636564758216133,happy
-ny03ousWJo,1,0.2155134718498362,angry
QtplRk6BdyA,0,0.0,sad
I6w5AN_Wcak,3,0.12927649511910508,neutral
Xmrn2IuSW-Q,1,0.038552926634802136,happy
yuXGpUR7fXA,2,0.05564905561800616,happy
3ArNQp2dZto,1,0.04776042350077761,neutral
dv6UaHZxUys,1,0.12547441783431926,happy
e-P5IFTqB98,0,0.0,happy
M3bezYerYxQ,1,0.24623279994669076,surprise
MqarV06DDWo,1,0.2636730025786134,surprise
4cxWyFlCLhs,0,0.0,happy
37KieyXOYG4,0,0.0,
_xgJL3LA-WE,0,0.0,
dOyJqGtP-wU,0,0.0,neutral
9AEMKudv5p0,1,0.19241437039801895,neutral
obng-x8oAk4,2,0.028964265695746894,fear
J1ugR-VVE1I,7,0.005831722468658048,sad
6Lj_gFyI1Qs,1,0.02938847821710826,happy
k7RM-ot2NWY,0,0.0,happy
gqe6eiZQJUQ,0,0.0,
MmHiZQRaso0,1,0.015534537704288595,fear
YOwO5iM4QP8,0,0.0,happy
P4FD3rs3brI,1,0.0009836002623423055,happy
Hy6vddbQa8Q,1,0.0545913468871802,surprise
nhXbdSaCddw,2,0.03045212547810681,fear
9JTkaXfPr0U,0,0.0,
lv8wqnk_TsA,0,0.0,neutral
gBFMGtpfcXw,2,0.02169832029270765,fear
AtwgGc-An6U,2,0.10460637783059212,fear
b6EX-ePnXe8,0,0.0,fear
9a0xIzp-fbs,0,0.0,surprise
7KEI0MtyLQo,0,0.0,
kFz9afj8lu0,1,0.06514260439877641,happy
mgKFTvRwicg,2,0.0015214151758047795,neutral
nV5fXPVeZoQ,1,0.03847253632061034,neutral
-gal8E_dgE8,1,0.03246953007324464,neutral
Q0o3Ci71W6U,0,0.0,neutral
a_wuykzfFzE,0,0.0,neutral
TRL7o2kPqw0,2,0.21339134675116458,neutral
3d6DsjIBzJ4,0,0.0,fear
Da-2h2B4faU,0,0.0,sad
l3ifRE7BQiM,1,0.09766874586500156,neutral
PNhuDCVIydw,0,0.0,happy
hWFDujYzvbI,5,0.05897330407027766,neutral
USkHZ5zfcgs,1,0.046763692139065824,happy
vs3sVrm_W4o,6,0.005718565910298897,neutral
u-TNsO33eqQ,1,0.0006105713101230019,neutral
ewLpXw6uN28,2,0.05649998173471027,happy
9qLuGDEtcnc,1,0.12179850434683633,fear
yYHph58TC_4,0,0.0,neutral
97t7Xj_iBv0,0,0.0,sad
ld6qrjYwi_4,0,0.0,happy
bBC-nXj3Ng4,0,0.0,sad
y17RuWkWdn8,0,0.0,neutral
P_6my53IlxY,0,0.0,disgust
IfNQblPxuQk,0,0.0,fear
hqi0114mwtY,1,0.05922093338623805,sad
gKMxgXcnS6g,1,0.10064725760164682,fear
ko9GJKliHpM,1,0.054784941818935395,fear
Y0HfmYBlF8g,0,0.0,neutral
uqKGREZs6-w,0,0.0,happy
2NQ6YHPTfdg,0,0.0,
aO4dTgt47No,1,0.1844005192287975,neutral
ADb60W8jTsM,4,0.01603684115475011,happy
wCrtk-pyP0I,0,0.0,fear
VNM7Z7hir_I,3,0.020736318291124513,happy
QP_9rFbvY_Q,0,0.0,fear
V4gyraWEwKo,1,0.003750797535966639,neutral
vT3GUKuAzIs,1,0.024082093949901313,sad
4H5--Qy3h9Q,2,0.2529457717947662,surprise
b81Cr97ANrk,2,0.6891377286995112,surprise
Pb3AAfz5Yjg,1,0.059967712653682004,neutral
015wj1C5wK0,3,0.040966858329366,angry
fIGCYqzjgRc,0,0.0,
EudiumXdN7c,2,0.114106477968552,fear
5R0_FJ4r73s,0,0.0,neutral
tIgL4h2S270,0,0.0,angry
LFOUK8OCopM,2,0.10217517171718707,neutral
2eoo3XQrHB8,0,0.0,neutral
LjZlAzr8MuQ,1,0.24570871931011426,happy
WM25pUsrODk,1,0.00046449735207716004,sad
jx5jmI0UlXU,0,0.0,happy
QJ9lNRAjTQM,0,0.0,sad
3yqDxhR2XxE,1,0.01290894184187184,happy
hFZFjoX2cGg,1,0.0024480735560852432,sad
6qZWMNW7GmE,1,0.061957977831392175,neutral
AaZ_RSt0KP8,0,0.0,neutral
hu5N9OEK-7Q,1,0.001661900900899127,happy
rhwY04UAPmk,1,0.015522650058632431,neutral
UIL9CiUDHp0,2,0.03992521812203854,fear
_Kav2K1DVWo,0,0.0,surprise
bqpRijthHOQ,3,0.02808313128065038,angry
MpTodVRR73E,2,0.1005026742706645,neutral
YkJxWtTPyb0,0,0.0,happy
RrRvFBYfNtU,0,0.0,fear
_9qJ3rwwTDs,0,0.0,happy
_qIRtFE6aIc,0,0.0,happy
Cvo1sjervSU,1,0.16212785095878643,fear
NGbFtTYQpus,1,0.19031533111646115,fear
iEjvVcdCDB4,2,0.04458561473407927,sad
20-WnF0XwHA,2,0.022062677139035966,sad
Ez1GO58inuw,0,0.0,happy
7tds15kxGGo,0,0.0,
J3xLG-whfFk,2,0.022798531304560027,sad
qevIIQHrJZg,0,0.0,happy
ru2rDHzCfNM,2,0.0008654938946872587,angry
r7zJ8srwwjk,1,0.053141410085389806,neutral
cwdbLu_x0gY,1,0.25605262145635455,angry
kU-M44tWm64,0,0.0,neutral
uUU3jW7Y9Ak,0,0.0,neutral
FljP5JViUOg,1,0.07157940032262508,sad
ugElBfp0j98,2,0.18736780357076113,angry
605DPLl8Gqg,0,0.0,happy
3uyIXahNs08,0,0.0,
A4_auMe1HsY,0,0.0,fear
803JDTJJ8iQ,1,0.026730916732288328,disgust
S5HHOjOmWag,2,0.07077041443814222,fear
4uInE0P4Io0,3,0.1683295956398595,happy
jsYwFizhncE,0,0.0,angry
oHLMla-75QA,0,0.0,sad
tP7VdxVY6UQ,1,0.040582509944908654,angry
kR3HFEeC3_E,1,0.1238825525340346,fear
w6YLj12s1e4,0,0.0,fear
rafnUWedZws,0,0.0,fear
ogfyJICT9aI,1,0.06840345322703392,sad
43uTBB574g4,2,0.07680708412782628,happy
V12C6xuMwmE,1,0.19736973910662717,happy
JF5HCUmINE4,2,0.076677130769983,happy
PFDu9oVAE-g,0,0.0,neutral
o0G0Eub6YmY,0,0.0,
AmEEYTtIfMU,1,0.03356742662538788,happy
4AwkK8BjjF4,0,0.0,fear
dQ4ZAZJphx4,1,0.00033875882699248907,fear
wkPxBltQzzg,3,0.03791540450419802,sad
HTXTVfBCeSY,2,0.060966047726979014,happy
SrLZgP-OR6s,0,0.0,angry
erQ_9yEz0ls,1,0.06697087112558923,fear
jEO8CTpEzbg,0,0.0,angry
vgZLPGT5llg,1,0.02441821345420976,fear
d8uNE7lAQxg,0,0.0,neutral
a3o_ZKWi-OU,1,0.008006259687683471,neutral
57MKxz4pJKE,1,0.006600316759673256,neutral
zPeEPwQcF1o,0,0.0,neutral
ThItRZqFKX4,1,0.0004917931240824044,fear
YWjTWl0oNLk,1,0.002041245757761014,sad
cuEtnrL9-H0,0,0.0,fear
qa3NM9Jhkn0,0,0.0,
nLy_jEbuY-U,1,0.0017608505048742195,sad
fXUsRIcwtSo,1,0.10767360488287119,sad
JUcIAaZ2LWQ,0,0.0,sad
h33Srr5J9nY,0,0.0,sad
vebNxWGotC8,0,0.0,neutral
Oh2oF-eZTD8,0,0.0,sad
5356zt0JiDY,1,0.018507094965410843,happy
Wzg8hPq9FtQ,3,0.0019465656972465694,happy
k_B3a2cCqo0,0,0.0,happy
gJ5KV3rzuag,0,0.0,neutral
rJmsCDWKCnc,0,0.0,fear
TWzezWq7FkA,2,0.3107370392398434,neutral
ti2Nokoq1J4,3,0.024501670368748212,sad
DsyfYJ5Ou3g,0,0.0,
dx53GHSHrSA,0,0.0,
in57Yq2Z-WI,6,0.0013804936435856993,sad
rQt8eGchAXs,0,0.0,angry
RtlYi1yLTVQ,1,0.15297271971569065,fear
o690DovjDAc,0,0.0,sad
N10nZr5SRtg,3,0.024351260932130067,sad
AR7bFfOFsno,2,0.006279449794411044,sad
sz3aopl4OhI,4,0.12799782344417407,happy
ZbJjwoXn2O8,2,0.05653423129280529,sad
fuOnYDEIjUA,2,0.031128507273653364,happy
UQGoVB_zMYQ,1,0.01945580209581749,angry
Dc2ZRmuH5OM,1,0.041396060473856175,surprise
CEwIHNNJZvo,0,0.0,
8Lvrikv6oPs,1,0.15485677852876406,happy
5vfZqByi808,1,0.04159761008209898,happy
SVaD8rouJn0,1,0.11126451697358182,fear
RKm160Qcnqs,4,0.012551625463141439,neutral
qKlr8NlaQcM,3,0.004763113764323255,neutral
OkU0OECQuKE,2,0.0014040905840374761,happy
6x2dzepmU8o,1,0.06537891943565279,angry
nUSI5uUocho,1,0.07277343784027121,sad
GeyDf4ooPdo,1,0.008200600715687567,sad
VzHtsoBwBqI,2,0.028024622686104218,happy
msVuCEs8Ydo,0,0.0,neutral
_FlV6pgwlrk,0,0.0,sad
kcUFSapjVqk,2,0.14905946774324547,happy
oxH-0n-SpYQ,2,0.014712918216385635,sad
w9nM5WRD-qw,0,0.0,angry
KH0SQbW-iaY,1,0.06223248947776483,sad
PYY9VLOSLxk,2,0.0015007725148785136,fear
pGKolLszqpo,0,0.0,
kixAljyfdqU,0,0.0,fear
vePc5V4h_kg,2,0.00536501830397861,neutral
e4RavVnBvTM,3,0.05031344945663881,sad
Xjo-8kGe2qw,0,0.0,
78VNNEnEzMg,0,0.0,
NHiqsrYkcuk,2,0.5123099733743078,angry
DpXtRbggpQM,2,0.05727692008798234,sad
sxpxDdLFSBo,1,0.06619345819633357,angry
-k-V3ESHcfA,2,0.1823972087196085,neutral
GaIW5CQQ3Zo,0,0.0,
zhPRtCW5sRk,1,0.08638030376081234,surprise
3BjaDogb6kc,1,0.0011153604017351882,fear
39opX6-QJJI,1,0.10278969270841926,sad
p7PwQPdWw4Y,1,0.044373462575802276,happy
HSOuLJtDRFA,1,0.0016265878703416092,sad
iq_6dwYr6YE,1,0.09585795304246655,sad
vorkmWa7He8,2,0.11680676215066949,happy
AKNcIO3mum0,0,0.0,
b8XdaIcOV8E,0,0.0,
RYuipbRGu5s,2,0.04353636496267225,neutral
Ck0ozfJV9-g,2,0.04192498547793017,neutral
NkE0AMGzpJY,2,0.042404005118975574,neutral
PLMSoD1riE0,0,0.0,
BHiWygziyso,1,0.0017186217525280276,neutral
9TjfkXmwbTs,2,0.044399301714636547,sad
xkiSfeGtYw4,2,0.10875714328423176,sad
9bqk6ZUsKyA,2,0.08600198470931597,surprise
mvmwqx5vjps,2,0.1078859991630697,angry
EB_XX_IM8io,5,0.03758320728744366,angry
Ttwl_zH_DZ8,0,0.0,sad
tJevBNQsKtU,0,0.0,neutral
FYHeEQfY-to,0,0.0,
HR3KVCUVXkI,0,0.0,fear
KIv4s6nzvIA,0,0.0,fear
YGgUrj10HdM,1,0.025273951027176937,sad
kNTnrpL1Uw0,0,0.0,sad
uxPdPpi5W4o,1,0.04473329605142579,neutral
SUnobHHAKxo,0,0.0,angry
Zb5IH57SorQ,0,0.0,happy
OnnxKjvAYLs,1,0.11315146793716432,surprise
dCGS067s0zo,0,0.0,fear
ddzRE69bIZ8,2,0.04091309168490625,angry
UygPcBCFRrA,0,0.0,sad
37Kn-kIsVu8,0,0.0,sad
tlTKTTt47WE,0,0.0,happy
enmLybSqmgc,1,0.2001531101135192,surprise
4I-p8vjQ95s,3,0.014822880741542374,angry
7UwigY4SjKY,0,0.0,neutral
nS7xHq3LNfU,1,0.015332974450656265,neutral
jFNHkjsPqE0,1,0.06236118480357163,neutral
855Am6ovK7s,2,0.020875628011763184,neutral
LEZCxxKp0hM,1,0.00028668575979382796,fear
I2cS5Fv5xIQ,1,0.127318881993334,neutral
fxk3ZTusSqI,3,0.013961309106285222,angry
_DiGQRaaHvg,1,0.4885914610221213,happy
LQicq60aJaw,0,0.0,
02X3ZLUsojU,0,0.0,surprise
9-NU7yOSElE,1,0.038584971129009014,neutral
dtfEzDAlL5k,1,0.06208625299199841,fear
Fte3ey3L-48,1,0.020566192727088088,happy
E2Hp6k-PcMo,0,0.0,sad
wTXRMBoc4Qs,0,0.0,neutral
pbRohIxAUS4,1,0.04432877768656832,sad
yq0zyA6Yr7o,0,0.0,
VNRuzCohElk,0,0.0,sad
X1b3C2081-Q,0,0.0,happy
thx9hVgrXhQ,1,0.1759393337651156,surprise
izh-j8KUYjs,3,0.027247205582884817,fear
610rMnK9HCo,2,0.03794920391628567,fear
S94MACKZvgA,0,0.0,
nlD9JYP8u5E,3,0.08347649814203881,neutral
feNbGXiHgdg,8,0.005561271937588875,angry
PrqYohBV58o,0,0.0,sad
5cathmZFeXs,1,0.05710747716759215,surprise
0e71KWwE5Fk,0,0.0,disgust
I79TpDe3t2g,1,0.1302786118463053,neutral
LKXvdyNz6L8,0,0.0,happy
sgWZ316ObRs,0,0.0,happy
9-GRzu6zbS0,3,0.24501139261143345,fear
Ym1NLvmcl0k,3,0.04688048684713269,happy
AfaIM7Ybwj4,2,0.02438359398986601,angry
4nqJiBRNQuw,1,0.02795124336453177,happy
O7zewtuUM_0,0,0.0,
9j_5wGwn5P8,0,0.0,angry
j7Q5vP3R-2M,1,0.06825555315682323,happy
ROkXM3csNWY,0,0.0,neutral
9qkzDLos7fk,2,0.05697966981209498,neutral
iOztnsBPrAA,0,0.0,happy
wRqKJT8VXJk,0,0.0,
4b-dannQQ0Q,9,0.064639660695383,fear
IeM8OReKzfQ,1,0.015681572023904664,happy
vZlmUG00OrI,0,0.0,happy
gShRBsahzXg,1,0.12244162335562174,angry
X3XkG6GL_DM,0,0.0,fear
cnt_rMA1pe0,1,0.18799146991534144,surprise
I2rNDGh3Rjg,1,0.16319720230993792,neutral
k70xBg8en-4,3,0.019983973411406928,sad
l554kV12Wuo,1,0.08127827503700245,happy
A-vX1AGBGsc,3,0.06222660010962954,neutral
7y9CLWJvia8,1,0.0018553359684695655,happy
txm7eu8KxVI,0,0.0,happy
apg09bolUIc,1,0.03960402742556956,angry
GXDvZVYon8M,1,0.033313765256148146,happy
Fokzk5kQR6o,0,0.0,fear
MGGhz29kYYA,0,0.0,sad
ficIQF23rqg,0,0.0,neutral
pWUzkxtoJ2I,0,0.0,angry
uyU-lKE0Go8,1,0.2668177305872026,angry
GXdEWSoRi0g,0,0.0,
MFVXsnq230c,3,0.17852957895786858,neutral
1gTWfV1QQ-s,0,0.0,fear
DOMs7mYm_zs,1,0.07138751244459197,surprise
C680oxL__ck,1,0.12072119345808914,surprise
8qLIEjsBUF4,0,0.0,fear
GTCAbmjyEvE,0,0.0,
WiUBM8bbDS4,0,0.0,fear
yBrVN7OugFs,0,0.0,
a9UZBg1pMS4,1,0.036206650673136914,happy
2yYsmzeVHaM,0,0.0,happy
GeDJAKvcZ9o,3,0.0230735354953342,angry
oY8tz1paj6o,0,0.0,neutral
CbUjuwhQPKs,0,0.0,neutral
COD9hcTpGWQ,3,0.1304231886478778,angry
Q6vVuj3iggE,0,0.0,sad
sNhhvQGsMEc,0,0.0,
8Vc-69M-UWk,0,0.0,
IxYg1IDrJUs,0,0.0,sad
XYFLK8gXMRU,2,0.03317085549638705,neutral
iPlFdIpgioI,0,0.0,happy
elKXLQTOc-s,3,0.0615592204285817,sad
G4xBNFD1p14,0,0.0,angry
2LOkI3Xyd_E,1,0.13397441872887814,sad
_OzpODjTISc,0,0.0,sad
UQt46gvYO40,1,0.017220558340834233,fear
9-41nLtleX0,2,0.05199697506283529,sad
s4X-CSFTUfo,5,0.06147496817266074,angry
g1GFJxVeH9c,1,0.02295475552309654,happy
u3Mqvex6tIE,2,0.10186846553326898,neutral
r5_clNmB3uo,1,0.05313750794679638,sad
4NnJ-7Y6qwo,1,0.0007592166857986943,neutral
Pck5JcnkYYs,3,0.12133711089256394,sad
TLysAkFM4cA,2,0.01830677333569838,neutral
ROaj3bCpZEM,4,0.3191383271666079,fear
eKFrZNXB29M,1,0.10757565701328632,happy
sPUKxtLHPKQ,1,0.07015573276064402,neutral
n38Qxi7TVWo,1,0.141337703277095,sad
7mmlmxamw_k,6,0.0731940461017257,fear
X34ZmkeZDos,1,0.04876793016630927,neutral
u6TFP_r2oA8,1,0.05014629469936709,happy
JoadRyVIcTI,0,0.0,happy
rNxvo8AcpQQ,0,0.0,
HzUIUTatyZI,1,0.027808645624797162,happy
bkGMkhJ_BwY,2,0.0013994223677946138,neutral
ugRc5jx80yg,0,0.0,fear
8Od-IMIGjfg,1,0.2669072419558476,sad
39ii9LvnDoE,1,0.028038254518456446,happy
2eFSU7TFOnk,1,0.0037716871509494215,happy
D0B7F5UbTOQ,0,0.0,fear
xe-f4gokRBs,0,0.0,
5LI2nYhGhYM,1,0.10905188058872227,sad
JDmKLXVFJzk,0,0.0,happy
IweS2CPSnbI,4,0.03465332579813549,happy
rFxu7NEoKC8,0,0.0,sad
8FYyeas1Thw,0,0.0,
cqvVL8IurMw,7,0.01415526991133043,neutral
BB_4BnQe-qc,0,0.0,fear
goy4lZfDtCE,1,0.0619345237404923,sad
Q1UXZs-yWDc,0,0.0,neutral
GJ4Qp2xeRds,0,0.0,
8w_kHIAkucA,1,0.02779882040398055,sad
6XRNxpnIPTo,0,0.0,
mUP0tx7Ib2w,0,0.0,angry
dHSQAEam2yc,1,0.09939634879362833,fear
FCXfezz4BB8,1,0.15343788100273945,neutral
Gye8ukFO-9s,2,0.010114242660182148,happy
dGiQaabX3_o,0,0.0,neutral
DfgIyD_ea4g,0,0.0,sad
sI5Ftm1-jik,1,0.12601565080112778,fear
MSpcdzwBatg,0,0.0,
6CnuNPwx4pI,0,0.0,fear
0VgAHq8xXWs,10,0.08216115354799614,neutral
JTvcpdfGUtQ,0,0.0,fear
OA6F6liLnvc,1,0.23368303646215483,sad
1MBn9uWLJ60,0,0.0,surprise
lMAkC4vM5aE,0,0.0,happy
voIlMkwvybI,0,0.0,sad
gzALIXcY4pg,1,0.052058470183613585,angry
5VmCvChcGzU,1,0.2694804186714567,sad
UBPg5ftCMv8,2,0.06542176737740293,sad
dbSL7vmt27Y,2,0.018278266174097047,happy
8ehoj-y3b1s,4,0.05894428062128201,happy
OH0fyooKmns,0,0.0,happy
wVgWeOEw3Ag,2,0.03481968777337594,neutral
M64HUIJFTZM,0,0.0,surprise
Ni5tgO4Bh3Y,1,0.26672720608938977,sad
Ev3__YJJH3M,1,0.8388806022796134,surprise
em-pVICrnqM,2,0.23277027964893426,happy
qwI8bALatug,2,0.001260519535377777,sad
D9lVNzyhYnc,3,0.05170651666056074,angry
RNXSGzTBhXI,4,0.04978680224570174,sad
3s4tvVS9VO0,0,0.0,
0gugBiEkLwU,0,0.0,
Dmk0XJH4aTc,0,0.0,angry
fMWnaR5uJxQ,0,0.0,sad
ahCwqrYpIuM,0,0.0,happy
O9ZlqWp7620,1,0.07863207126776994,happy
k82iqndlfbA,2,0.0665991877050207,neutral
Zx-SY1a_8qk,0,0.0,neutral
zoEvVmU5eC4,1,0.05725091784178302,happy
M2w3NZzPwOM,1,0.07216012013831966,neutral
iCd5Po4fPb0,1,0.2657164106872319,happy
EFh6bJIHl2Y,1,0.09377395795813451,fear
73ysn2YtTTE,0,0.0,neutral
g2nMKzhkvxw,2,0.0005634123182648586,sad
7Ee6T6ogjeM,0,0.0,
jXRHb4sCM8c,3,0.07965575294889163,fear
UFpGIi2OjX0,1,0.2566535752888664,happy
0KmUoTfGa34,1,0.15129285614634178,sad
-6BvA4U1dLI,1,0.13517781265457718,happy
3heSgyr8_cs,4,0.0284525160660966,neutral
Aj6Kc1mvsdo,0,0.0,surprise
fCn8zs912OE,0,0.0,neutral
AeB3kUk5FBI,1,0.2240514314067111,fear
M95fek3SL0w,0,0.0,
UEwagWXt_tc,0,0.0,happy
U1wEO-pHizQ,2,0.0749714557357682,fear
rRSOt9SpBMI,2,0.07000936912510952,neutral
_YTG9vTkhGs,1,0.12194454783278262,neutral
-nSHiHO6QJI,1,0.03443065951995474,angry
Wyt7b5eNuHk,0,0.0,
slmYnJdDQ1U,1,0.09128739923134466,neutral
UeUHp1GU644,4,0.03015940331544142,fear
AW_Bdf_jGaA,1,0.08968396105208537,disgust
VMb-su4DZTQ,3,0.03333782927063314,happy
CfW845LNObM,0,0.0,fear
mJJBMuBVsvw,2,0.19294898975867403,fear
fso4yjbgceY,1,0.0010037244339158255,neutral
AGcgQEzCCrI,2,0.006588999828099986,fear
D8aQpYrfIBQ,0,0.0,happy
RrkL9e2w7gQ,1,0.03388208484786396,happy
a3Oz3Vz312Y,0,0.0,angry
ROOeGPrC1Do,0,0.0,fear
q9XmXad_wmo,0,0.0,sad
GoVLhUxhdSw,1,0.14681991083201562,angry
QJYmyhnaaek,1,0.00023613537797245954,sad
eUTtt14G31c,0,0.0,neutral
ysEN5RaKOlA,3,0.03877801301563522,fear
z8aM_P0qT3o,1,0.009276920830509678,sad
GajbZY0l7oY,2,0.03891650931010493,fear
Cn1MugPalaA,2,0.29042066231843505,angry
Uil9bh8kJgg,0,0.0,neutral
xiKWUL4iEGQ,0,0.0,happy
OIYy32RuHao,2,0.062258215921166184,fear
AYaRzp--xyk,1,0.14585575062240422,fear
p2G7buZ2JSg,0,0.0,
Xz2z1LXbxzE,5,0.04823764918116568,happy
EwmDdMzzDjY,0,0.0,happy
EWOHA0sJEnM,2,0.0013129652888528654,neutral
nhBVL41-_Cw,0,0.0,neutral
tw6vPc6j1V8,0,0.0,sad
Lh6Ob1HFC6k,1,0.14537483689412006,neutral
z1AHfXrbdbg,2,0.012536865498044057,angry
LoBJOkhtDQQ,1,0.1842347171319539,neutral
zVdodVA3qTk,1,0.01483030967628565,neutral
282lGw6q-SY,3,0.0755221323374384,happy
5pKt4gaErvU,1,0.14217148379857464,neutral
uB_p1Pyv1ps,0,0.0,
mwahLAUzf1s,5,0.3644427440290325,happy
IVsMSPNVHR0,3,0.0032700756959214536,fear
7t6m0k_Ki9g,0,0.0,sad
__d2FMCtgi4,2,0.20815960087739666,angry
qeNhy2pAQVU,0,0.0,happy
2iWUUcW08ac,1,0.06637072783414724,happy
BGIuPAG2VrM,0,0.0,neutral
UOc7xdRhAAY,0,0.0,neutral
eQ_8F4nzyiw,1,0.04899591796310915,happy
cvHkteWF5GM,2,0.0512086784206082,neutral
INq3d89XxFI,0,0.0,angry
62oDCqb8XWU,2,0.035426668707405046,neutral
TqYrvexML-U,0,0.0,neutral
nb-xbTV-22A,2,0.030783752634079065,sad
o0fG_lnVhHw,2,0.0006894500513226376,neutral
GmULc5VANsw,2,0.013583131871778656,happy
XwNUmnDu1r8,1,0.09019546492648563,sad
F576tDLa10E,0,0.0,sad
4-XDxCb92X4,1,0.29655292583944326,happy
pJbC7W2fMvQ,2,0.15358327440468808,happy
aVT0BvWZcLg,1,0.017011455721364352,fear
j5gy6QLq8wg,0,0.0,happy
fVt1fWsM73k,1,0.13094515914804006,neutral
u8bdtAUpvlA,1,0.010412967667934935,angry
jA14r2ujQ7s,1,0.012359280348399705,neutral
rckrnYw5sOA,0,0.0,happy
Wxs0hzzTWjo,1,0.0021220029063564044,surprise
-9JQndAAvLE,0,0.0,sad
dcrY59nGxBg,1,0.11927759336646583,sad
pFEB0chiuJA,3,0.0014268534977297047,happy
UTHKgVPZ-is,2,0.03812862043851055,sad
C0f2pu0EVSg,1,0.03164730047608651,sad
I2O7blSSzpI,0,0.0,neutral
vqs_0W-MSB0,0,0.0,sad
IvMQe3v-HwA,0,0.0,neutral
gQHC7a9JEQQ,1,0.14133624078080073,fear
wm5omDCENPo,1,0.008948116557874326,happy
L5z-IjLwCH8,1,0.1662648986508581,happy
Lh6ETOmV3eM,0,0.0,neutral
xw6xB7f2LEs,0,0.0,fear
ooBQIsDTe_M,1,0.13721693933660087,neutral
-8pCMoL_b_s,1,0.08243233296053151,happy
ByPrDPbdRhc,3,0.0025057988507594725,fear
CFUu71dMpqA,2,0.0008398263889992248,happy
fsCeZQ4cjGk,1,0.050761908593158295,sad
so4FwjfQ7YI,1,0.07834042678251636,happy
s5GfhGFVCFE,0,0.0,angry
MevKTPN4ozw,2,0.03301787677641793,sad
JoGjIRVY9t4,3,0.0781437069634194,surprise
nI0BfXFjI1I,1,0.07759211228848169,sad
8I-6_H0haAw,0,0.0,sad
6Ik9KpUyytw,0,0.0,
YopcNJcQdEo,0,0.0,sad
3GwU4GKzLXY,2,0.06362060334928855,happy
79_IsTV8X-c,1,0.04298021301174989,sad
a2A5Ld-QWnU,1,0.03503212657051841,neutral
ct-CdyT4HkM,1,0.11283296793630547,happy
-NPmBkYb_mY,1,0.08369177216050452,fear
v4amCfVbA_c,1,0.09960981498423431,neutral
Mun1dKkc_As,0,0.0,angry
3TitHNx0l3w,0,0.0,fear
-_qpzFlpgpo,0,0.0,neutral
EoDd0hRqs6Y,1,0.25844897564787367,disgust
ERUugjLmwuY,1,0.0003169189836868706,angry
fZhRZIqJy-c,1,0.06360225831027493,neutral
QrdwpKzNge0,1,0.0005687562387659758,angry
yVjnidcT2ts,1,0.09686527688529167,angry
eoFgUT82pTc,0,0.0,neutral
ffVbnPjl86A,6,0.018526874657727604,neutral
P3aKRdUyr0s,1,0.22845064457597364,happy
5pAnk9MKHzo,1,0.2706949589087769,fear
lxNUFWs2VBw,0,0.0,angry
_p4h3jwJob0,12,0.35718129657878306,neutral
ugm3hm6nxkI,2,0.08191055769851018,sad
OT-qAQLGkGo,2,0.06370586646156741,sad
zyC3CWDlEzY,0,0.0,sad
2WKkrT4TvBo,0,0.0,neutral
MOuV-0f66Y4,2,0.1169580673208193,neutral
u6UeJXkzDW8,0,0.0,sad
vyC7LUZTJQI,0,0.0,sad
JvHyk2ESFCI,0,0.0,
JnFh2NoAM4s,1,0.09744523423593515,happy
IXrLriaYLe8,2,0.022386076431606245,neutral
AHuj4DCueO4,2,0.03551755429135483,angry
EjnG3Tmo4UE,0,0.0,happy
q4mc-alL92U,0,0.0,
T1KRQ3RcvXA,1,0.004716720364683624,fear
Ook-J58HnvM,3,0.0375963830688003,fear
NB4MhB6vIWQ,5,0.04942850558585734,sad
BvEKky9N1tQ,0,0.0,happy
6TfI7Z2L7Xw,2,0.15310581280494664,happy
jpQqr3JQs84,1,0.002492911388597147,sad
cpx4ZdTMmbE,0,0.0,angry
IEtPy0o8i0M,1,0.1108650308816353,neutral
k5s1cMNTmGs,0,0.0,fear
AQWeO5wMekQ,2,0.02305130180157183,neutral
-RCnNyD0L-s,1,0.04275782789773075,happy
0OGZMfVQROY,1,0.025386096193132188,happy
H0cL6X0NMk8,0,0.0,neutral
VYLJLxKBhSU,3,0.003802827977757867,fear
gYgveD5B-V0,5,0.016695091389061015,fear
wM5NHC97JBw,2,0.008591861682853051,sad
XY-hOqcPGCY,2,0.013242155612006172,happy
QmMHP6JxU4s,2,0.02696200395930393,sad
g6hQcdjcI9Y,1,0.12624064251742312,angry
qIxP8OgAg44,4,0.06527303475564825,neutral
GnD7IQ48IQE,1,0.05859096438912982,happy
i520aRuZXLo,1,0.3015483469331646,happy
uN84HhcdIws,3,0.14768148078552895,happy
fbjYkPKRm-8,0,0.0,fear
a7RoP1LKMeM,1,0.009735613539420835,surprise
ixQbCXLUUj8,0,0.0,angry
Ntmhe4EUgpE,1,0.0019239200109505974,neutral
-LKVUarhtvE,0,0.0,happy
pvimAM_SLic,1,0.044133047989829116,neutral
Lv4yoQKJ12s,0,0.0,sad
1-NxodiGPCU,0,0.0,neutral
iI48g7YTZFA,3,0.08082837953961239,neutral
Mus_vwhTCq0,0,0.0,neutral
VyaxDWLe6A4,0,0.0,happy
pGzssFNtWXw,1,0.06954297934781709,angry
wRccvEsIybA,3,0.08141905499833228,neutral
p-MNSLsjjdo,0,0.0,surprise
05XOhz67jGA,0,0.0,
QCv87K_y97w,0,0.0,
eeGx5zc90hQ,3,0.022992165853372878,neutral
IeVY8u6Y-z4,0,0.0,angry
VWHlPH23P-w,2,0.046089241728342736,neutral
OfI-XpYAqM0,0,0.0,happy
4IFexZ5apzw,1,0.06011893641830385,neutral
kidmmP_HGXU,2,0.29648352635433894,fear
R-s2mZvskT4,2,0.02331028023249246,neutral
oFF134_iokI,1,0.013162102229456045,happy
6AxCoMbiZfk,1,0.17806194926677865,sad
IVhoIcvACR4,1,0.14523653569865322,sad
2JOqNqoaQ70,1,0.015613878260913023,fear
HpRQx020GDE,4,0.016087796768836902,neutral
3xH1vBuDbBA,3,0.05150900450966061,neutral
li94gCM6zIs,1,0.08809184282627232,neutral
SxwMTAy1gP0,1,0.06522225096988525,happy
Y80ZTbjtz5c,0,0.0,angry
AWkvzycD5PE,1,0.030757008492603037,sad
rKf2fRImrYI,0,0.0,
mPtqmyUGPzw,0,0.0,
N9K2p54k9GA,0,0.0,angry
qIruO8iKZsQ,0,0.0,sad
ZjS6rLKnU0c,6,0.018164424136397832,happy
ZgyU0LyWZ9M,1,0.07717702035546659,happy
zjzGlXD6bsQ,3,0.01877512188310296,angry
HkB9VJdu27M,2,0.16293010407595931,neutral
ce28TIoa4ao,0,0.0,sad
L0rCE9fE6T4,1,0.08853398081767258,angry
U_gANjtv28g,0,0.0,fear
lN-rVlMIJZs,0,0.0,neutral
AGjxX4gvaqk,6,0.07055626565599292,happy
UOgvbS4GkF0,0,0.0,neutral
7a5gM7t8TZo,2,0.03955342581029476,happy
YlYoAiMKGC4,0,0.0,fear
eEvjPwb8y4U,2,0.02375959771445499,fear
EumXak7TyQ0,0,0.0,happy
HlBYdiXdUa8,5,0.0030170960237844865,neutral
nDTeSb0TzbQ,0,0.0,fear
Nb7WLJrW_PU,7,0.02216684438069933,happy
YSoJPA8-oHc,1,0.10783274152579864,happy
QRpDIdPFUXg,3,0.31560793874276794,sad
sVF_SlzxBJ4,1,0.01678693343847044,angry
r-7UBVzjO8Y,0,0.0,angry
Ec9s-t75lMw,1,0.01851351813766693,happy
ENrzD9HAZK4,0,0.0,fear
W4DnuQOtA8E,2,0.02078034482279084,angry
Cyskqnp1j64,0,0.0,happy
tLcnJEMnlTs,0,0.0,sad
E9-x3jRSQvQ,1,0.06931578539652643,surprise
BzpIB5TJ7LI,1,0.08090093545931268,neutral
jzRSDvEn3ms,0,0.0,neutral
z4kW6CUq5F0,2,0.0010929187673121355,happy
ppxNZX4MDd8,1,0.09654018670991515,surprise
GeG3st-2wCE,1,0.17704115227076678,angry
t-lMIGV-dUI,1,0.06311472822436978,sad
-q7EvLhOK08,0,0.0,neutral
06xFhUHFnx8,1,0.12507990295080162,fear
Vmb1tqYqyII,1,0.11423603879002257,happy
1vPL9rR0p3Q,1,0.06104547661822077,surprise
zxYjTTXc-J8,48,0.003516890437149414,fear
eCxPAdcV1y8,1,0.3238924976114711,neutral
3KPYIaks1UY,0,0.0,sad
mXVGIb3bzHI,2,0.07430593310970936,happy
6PtiY-ev2qA,0,0.0,sad
qQHWOA_ikHQ,1,0.06976151625724368,happy
0Xi2rurVAvs,0,0.0,neutral
SpeSpA3e56A,0,0.0,happy
kZ3M6ko9pes,0,0.0,
fb7T1v_VHpE,0,0.0,sad
BCjWmfWq0pU,0,0.0,
0e3GPea1Tyg,51,0.1472949713263075,sad
zNV2TOF2PC0,0,0.0,neutral
YNaBoKLX52M,1,0.4307483426755122,neutral
NblR01hHK6U,0,0.0,happy
tbKp8OV6F64,0,0.0,
CO5E-VoR3sA,3,0.2079003428096918,neutral
jG8Feqn6Z0E,0,0.0,happy
h5st8mluVUo,1,0.18323492732721863,happy
QxGVgXf_LNk,2,0.04662138363749515,happy
w4jI97DiHF8,6,0.08413276616437315,sad
7S0EshM9lM4,0,0.0,happy
QDjci1ODoBs,0,0.0,angry
LO0PgyPWE3o,0,0.0,happy
1s5iz6ml-qA,2,0.11558709927475244,happy
M8NFhjj0bUk,2,0.09620837414892039,neutral
-xhfJRdwHnU,0,0.0,
h4T_LlK1VE4,1,0.031193220295422684,neutral
xosZKMYZ5JY,2,0.11833831382126177,happy
kbulCM90w8w,1,0.0033674064019426925,neutral
QItug8-BuSc,2,0.0010233620308402653,happy
H2nY7Tu1Qgs,1,0.028334687325341293,happy
LnA7Au-DLUM,1,0.1510808207962833,happy
j7GfAbZ0xWM,2,0.009024114247258694,sad
5BS4JXzq50w,2,0.05464308051452917,happy
mr9kK0_7x08,2,0.01908452685222023,happy
w0EmwhiTD74,0,0.0,sad
3tyYsfl4DlA,1,0.11151090036672562,sad
FXIlAed9_xc,1,0.08937375647627403,sad
btaEDH775ko,7,0.039958871423375765,neutral
UEJbKLZ7RmM,0,0.0,neutral
XkhMw2KIp_4,4,0.018568733954005236,happy
yGBtoUt7Q9g,0,0.0,
I8yJkIuvPvM,2,0.06117873211477723,fear
dDagv6SA8nw,0,0.0,angry
DTBu4tigSDo,2,0.04141767199841727,fear
bs40BtGpuCA,1,0.009089107791890759,angry
EwAkH19MB-I,0,0.0,happy
bCu0Z71QRF0,0,0.0,sad
YDr4ITrp7YI,1,0.17513363853555045,fear
vvOI3dQ5a30,0,0.0,
yD64OsqrZ_g,0,0.0,angry
nvEFb_dWJdQ,0,0.0,
OZ_xhkg32nk,0,0.0,angry
8kJacGNg_9w,3,0.10685468795009266,neutral
JphpLkmimVo,0,0.0,
YQEjGKYXjw8,0,0.0,
IZpiUSU4VOI,0,0.0,happy
ts0d7I6m7GE,1,0.16236824357818275,happy
sdkIvUu1eZg,2,0.001453213522375639,happy
oMA7o8olHzY,4,0.06866043690188295,neutral
dW7n2UP60bk,2,0.01280438222132337,neutral
Cr8N3xwvonY,1,0.09805813361927398,fear
j-PrAczOGb0,0,0.0,angry
UdfSrJvqY_E,0,0.0,fear
AfjrpjqdQxI,2,0.06924913581590064,angry
HEfHFsfGXjs,0,0.0,fear
WK01gDq8d6A,3,0.014146303665140497,angry
JT0wx27J9xs,0,0.0,neutral
Kd0Fnx0QYhI,4,0.06381984555962643,happy
p_di4Zn4wz4,0,0.0,fear
GDEVOCTW4qk,4,0.09303350665321836,sad
fA5Z2e86Hns,1,0.048919259717004025,neutral
FsdWNU--qsU,1,0.16424176419087516,fear
nsnyl8llfH4,1,0.08051738826293534,happy
whJgPudKgE0,1,0.20558287721744314,angry
Gzy_nCkn88U,0,0.0,fear
SrU9YDoXE88,0,0.0,angry
LOhu1AmuOGo,0,0.0,neutral
7vQyrlW8ahw,0,0.0,happy
sp7Ofgpfxoc,1,0.007868312775915709,angry
6m3SJMz2LRU,2,0.06712273997939418,fear
7Fjn4GRw8qE,0,0.0,angry
5KrRqeZbmrs,2,0.16193339714248925,sad
8GxqvnQyaxs,5,0.01669777325322381,surprise
GlZtlTon7_I,0,0.0,happy
gIEGN5rV2JY,0,0.0,neutral
OxGsU8oIWjY,0,0.0,surprise
yWwfNmIIc_Q,0,0.0,fear
nV0PAyP0laA,0,0.0,happy
BDd-5qCiL-A,2,0.07043953457164132,neutral
HoyMs7XXSbw,1,0.08499973799190533,happy
DPZzrlFCD_I,1,0.010752575007085801,happy
fY9UhIxitYM,1,0.08726319390065984,neutral
CFXfSBR5Q9w,0,0.0,happy
QxZ_iPldGtI,1,0.12046357930519182,happy
TudhYwBrgYg,2,0.0228310242322929,happy
t-_VPRCtiUg,0,0.0,happy
0SnTzvCH6lc,1,0.0004494080572688593,fear
N1uHX_WQsEY,0,0.0,angry
HsLup7yy-6I,2,0.2957607813823036,angry
mKz7quQlx1U,1,0.17807541898779972,surprise
Km_UKeV7Ym4,0,0.0,angry
Fefm-ro61Rk,0,0.0,happy
asX-pWFvS-o,2,0.03224577657590165,angry
SiZ4VkqhGT8,0,0.0,sad
pF2mNC4EXfA,3,0.018507059022975024,fear
ygrgkc0rYd8,1,0.15484488040301245,neutral
auLmekEsaak,1,0.0351788807343731,sad
RwTAgom_VX8,1,0.18592114914546579,fear
xZUYtRF_pw0,0,0.0,
gZuDMKXWU_E,0,0.0,neutral
7WJCnC5ebf4,0,0.0,
0F50xuorpn8,0,0.0,
JpLJY0s9a2A,1,0.2001523752940193,angry
u935ULhrwtQ,0,0.0,
tqbnjgbtDl0,0,0.0,
r2kXXcla8Bk,1,0.0003664886738665195,neutral
KU6vIDpNaxw,0,0.0,angry
-378LN_fUqE,1,0.06590406764533124,happy
z8XF2TByVbI,1,0.15350441823744176,neutral
faJM9iQZMbQ,2,0.001959760103259719,fear
6p5x0nxtqVs,1,0.01544428864264723,angry
t95aLo7R1NM,2,0.1006336548194425,fear
aMoZbJ39rwg,0,0.0,happy
QiFTTQyKc3w,0,0.0,neutral
_qgJvuDd3-Y,0,0.0,
ZAYZWgGxKO4,2,0.12172402887412116,neutral
_TM3lnF58Hc,4,0.12034191003916526,neutral
IrdYueB9pY4,0,0.0,sad
hNWz9o6CSyM,2,0.03333062464113381,sad
gqibxjObZ-I,2,0.15478748042349857,neutral
1PnVor36_40,0,0.0,neutral
bHIhgxav9LY,0,0.0,neutral
nVZhV7M3mNE,1,0.010536466118870623,neutral
-LWzeMGSRM4,0,0.0,
PV1MlxtpIJs,2,0.002097081093209757,happy
yQl-RYrbRas,1,0.1065184104964203,fear
63qn9w-a2ok,1,0.05318620627341564,angry
UkUskA-stM8,4,0.04005534855841855,neutral
Ze0kq-ROeaU,9,0.01807831611492247,angry
9zNPFcn3pAw,0,0.0,happy
NDjNX3nEfYo,10,0.014270742983160289,happy
kqCNV2Xu6tI,0,0.0,sad
ip7gRmrN8TA,1,0.03694543882073049,neutral
JhdRv3KNHXA,2,0.0017056288105181416,fear
vtqtyyGZvXM,1,0.04112965312018989,surprise
LOf7hkCZjGw,0,0.0,
fmOP68S5v7c,1,0.08235259864272165,neutral
njdJeu95p6s,0,0.0,sad
9mGtJ2p9Zas,2,0.02978124384485151,neutral
EgK0CQdTXSI,9,0.017659309556658325,neutral
obUnEqsTmLg,0,0.0,sad
LL3kVtc-4vY,0,0.0,neutral
KrMvtS7DAlM,0,0.0,neutral
LTikuFFr7JA,1,0.08616647401404003,neutral
sHCHEykUxP4,0,0.0,happy
J0KHiiTtt4w,0,0.0,happy
daQcxVqQJsI,1,0.0029377364912109745,happy
7LjC-nUPrNg,2,0.07243244094219033,happy
tJj-De16Ajo,0,0.0,
OeHjN4oWVfk,0,0.0,neutral
M6XiFKB7j0w,3,0.29853966544092636,neutral
araeHtN_3Lk,0,0.0,neutral
fp2EZbbuMa0,1,0.04236174856763076,sad
a40VeD8YxiU,0,0.0,angry
vng1eJyoL5w,1,0.12178473053486136,angry
7W194GQ6fHI,0,0.0,neutral
0lWSYxPJYLo,2,0.0011940606710560233,fear
ayXxwJJId_c,1,0.10454999558788687,happy
XFDM1ip5HdU,0,0.0,sad
u240yK8_fVM,2,0.38928743866249177,sad
bqAhJcSQQG4,4,0.15251536280243727,fear
nNDtwhUPG18,0,0.0,fear
tdtvhsfZ9Xo,0,0.0,
P6ODTQKhaXk,0,0.0,fear
7fgCfC3bM0U,1,0.30353562659833644,fear
XDf2nhfxVzg,1,0.08911229383893139,angry
GESBI9pWWmI,6,0.08089900112384688,happy
F4Y3Pkn95GI,1,0.09966358575381642,fear
fB7nyxXaczY,1,0.057493400120923376,happy
AeJ9q45PfD0,0,0.0,sad
06w3-l1AzFk,1,0.049818747189727015,fear
pfaDYkeHd-4,0,0.0,
KHSdObeUdxI,0,0.0,happy
nPcDlQaYoDw,0,0.0,
HiTqIyx6tBU,3,0.8676360203404005,happy
Sh3Fl_Rhcw4,0,0.0,fear
FGgGLLhbf78,1,0.014304626965326861,angry
ST-653teD1U,2,0.09096261645034247,surprise
RigmjdQQE6g,1,0.13571258542689027,happy
S4aqGI1mSqo,0,0.0,
I1AeAY8nn_s,1,0.018784766865482982,fear
rk95JDlI9es,1,0.15571002099398962,happy
YfmHi9U9bwM,1,0.03071991776183495,happy
4fuHzC9aTik,1,0.06802476952641882,neutral
mW-C7WE1xOs,3,0.07321101951065481,neutral
0GCuvcTI090,2,0.06369681194285022,neutral
PUBnqS1qcvk,2,0.02464477680628079,neutral
tj1D9KAYV1E,2,0.07159631930923152,angry
YoIMqgxs1mI,1,0.06995363446486559,angry
j0YdqFPbSpc,3,0.06676679847600099,angry
jEEUmfW0qFQ,0,0.0,happy
OQWD5W3fpPM,0,0.0,
d3nP2mbjB_M,0,0.0,angry
rltpH6ck2Kc,0,0.0,
Vr6XYTeivPs,2,0.06530786533667803,happy
5JcZsNxT2BM,0,0.0,fear
c25eRhYDXa8,3,0.07049214319224727,sad
TClYGrDD5fI,0,0.0,
_CTUs_2hq6Y,0,0.0,sad
0Kvw2BPKjz0,3,0.004976263327581465,sad
zyVZ73CBR7Y,1,0.10372692691852485,neutral
QCI2KYhC8vk,1,0.002978645312948124,happy
TaliInOFKIA,0,0.0,
xdJwG_9kF8s,2,0.06874403433812404,fear
1R97tphpD_M,0,0.0,happy
dlSw0OicMII,0,0.0,sad
65vK_gbsgwI,1,0.09488113157486724,fear
l-qNOrlYT7Y,0,0.0,happy
YLWjn0TFH3U,1,0.09604904902284489,angry
r7qliVpGEk0,1,0.017141713324202404,happy
RfRGIhrWWFI,3,0.035367725984428944,neutral
thBg1Uo5LIc,2,0.2677582609007661,angry
bdUVehx6UBU,0,0.0,neutral
QMbHLF_zwjs,0,0.0,neutral
QtVL76gh09U,2,0.33132910552412037,happy
7box15ryvx8,2,0.0007703872645994478,happy
FMtayizdFiw,0,0.0,neutral
T9lpyl0ibiY,0,0.0,happy
y0zZqHOZq7M,0,0.0,sad
K8O3bpR4mdQ,0,0.0,angry
rutcoSAy2ow,0,0.0,angry
Wnv_JJIIxKk,0,0.0,fear
DX1ifYxzr3M,0,0.0,happy
PRSoRkM8GcM,0,0.0,neutral
d-o3eB9sfls,0,0.0,angry
EQmjXM4VK2U,0,0.0,neutral
Xu1Qo-WFQFo,1,0.06147383208509331,fear
n4vusY2-rkQ,0,0.0,happy
FDgHVNbCcEU,1,0.3284533343325052,angry
jBZRZ9--rUs,0,0.0,fear
DkzQxw16G9w,0,0.0,
A0MYr3IqZAY,3,0.12801439265122502,neutral
ntfProwNYkE,2,0.18067571039282887,neutral
jr9XRmWNpfw,0,0.0,sad
nFCrqZE69xw,1,0.0005687562387659758,fear
Rgx8dpiPwpA,1,0.008344512644333817,neutral
IsGWMxZhlOY,5,0.054992423267785855,happy
l34boCGuYZU,0,0.0,fear
OK6_wnN0rew,0,0.0,happy
gKZPPYWTtvc,3,0.17397380595678544,neutral
b1gIqVsRoaw,1,0.10752144080302564,fear
-L9vyT34tww,0,0.0,
ZL4yYHdDSWs,0,0.0,sad
AdZ9kGwqkTM,0,0.0,sad
9P6rdqiybaw,0,0.0,sad
MrUhzYdcX6w,0,0.0,happy
Wk-isKUjWBQ,1,0.025069048319657363,happy
3VHTquIQBBo,0,0.0,
IwPmLwW1-PA,0,0.0,
rE5hgHDIbcE,0,0.0,sad
VRnEpEcWieU,2,0.05827030473461087,sad
p3qvj9hO_Bo,0,0.0,fear
V_m7Ik9NZWk,4,0.0940240239113387,sad
eBQQa65X6F0,0,0.0,fear
LYpKwt4Za_4,4,0.021300327312120417,sad
rGVtTYsv_i8,0,0.0,happy
BYbSGBi1bBA,0,0.0,happy
8o-VGnFaStg,0,0.0,fear
b_yCj6fXtlA,2,0.1314423610042301,angry
zlGEsR1DQPw,0,0.0,angry
6Sl-1X58ObY,0,0.0,sad
7e_yVm-vcPM,1,0.12523003025008722,fear
3TovcF1j3bE,1,0.035074814590217204,sad
29ZP8ADQJ1Y,2,0.024434072414559423,happy
WmF6RXf6U_A,0,0.0,
HtJa9jJdzac,0,0.0,fear
v-mWK_kcZMs,0,0.0,fear
rJLtT0QXoPo,0,0.0,fear
ydMVeQyOv3E,0,0.0,
hJTy_8Dtbsc,1,0.0004626460675434727,surprise
p2tAqCl5Qig,2,0.19546284918882065,fear
ASp_OTZ5fN8,0,0.0,
cSsIyt4kbCU,3,0.055264897154533324,surprise
aztdMwYrF4k,4,0.020735943371429737,happy
YVDJqipoohc,2,0.1280096792766239,happy
V4Uuxg6jmbo,1,0.20724474857314462,sad
lG2dXobAXLI,0,0.0,fear
ww_FFS8yjlc,2,0.09214777069537376,sad
kTXTPe3wahc,0,0.0,happy
5NX-U36VDis,0,0.0,angry
zOIYAHCeKII,0,0.0,happy
DDgnb9iAWtY,4,0.056024750402852985,happy
RQdxHi4_Pvc,0,0.0,sad
vBzPsY3D58k,1,0.05058135288206459,happy
qOsp6IMqnn0,1,0.032540920299861685,happy
HdsWYOZ8iqM,0,0.0,happy
s9omkhY9DpU,0,0.0,neutral
0ZgXj-OiT0s,2,0.0015830671437040817,happy
s9F8pu5KfyM,0,0.0,fear
F5pgG1M_h_U,2,0.0648578401819557,neutral
9XN57BhyZwk,2,0.03872880682145579,angry
OwNr_WCpzRc,0,0.0,fear
ithpKqYOvd0,1,0.4149368325828012,fear
vKA4w2O61Xo,2,0.04322750052493373,fear
tccTiVeQKA4,0,0.0,neutral
kNZV3Bry5UU,2,0.012646961252583222,happy
cvLbjQ11GAM,3,0.11951749210227718,angry
mY3SEMTROas,2,0.05237417339693151,fear
qNxQRgsF2NA,1,0.06764919365098952,sad
DUg2SWWK18I,0,0.0,fear
BJPc49z57bU,1,0.18380502781160885,angry
qvIUa47x_Oc,0,0.0,
EM4odIQZVgw,2,0.030616461815851734,surprise
Kpnd4OVf7oo,2,0.04405142896489704,neutral
6VixqvOcK8E,1,0.06243295637207565,neutral
aOgBWl_kHYY,3,0.04598401106420877,fear
_O_kWL-YhZE,0,0.0,fear
FLcRb289uEM,1,0.04878253647339079,angry
lfHuTtoKQs4,0,0.0,sad
MnmrEMbDdyA,3,0.06070681754674903,surprise
L3MtFGWRXAA,1,0.026352853666867303,sad
CPBJgpK0Ulc,0,0.0,angry
P7pUT0gbZZQ,0,0.0,neutral
NHQKH-nc8JY,1,0.06312012890700253,angry
YT1NhLTwwEg,2,0.008265820115859066,sad
NzDhm808oU4,7,0.06391277347939144,fear
AwwIFcdUFrE,2,0.0010620506262178726,sad
-tBy2jemw4s,2,0.11279898374588192,happy
wSN8L2SrZOg,0,0.0,
GNcFjFmqEc8,0,0.0,fear
O6P86uwfdR0,0,0.0,happy
_k9egfWvb7Y,0,0.0,fear
RKpvSSzdRCg,1,0.031082371563790425,sad
D_2G7grRmoU,0,0.0,sad
kD8f0ixy4u4,0,0.0,fear
2PFyt2Ku1eg,0,0.0,fear
FRlI2SQ0Ueg,2,0.016743118509637802,angry
goxvS5pxLDo,2,0.034568426473496304,angry
Ops5qBV5GhQ,1,0.00496430645881042,happy
FP60G0DbVxc,0,0.0,angry
Eg08rJGKjtA,1,0.07492523293278079,happy
t17O2AKa2FU,3,0.10717475011235061,neutral
O-J-qKUGpFU,0,0.0,
IXgX_r-x-XE,3,0.056804924710710844,sad
d_k0f8VGxtw,0,0.0,neutral
WvSjrHzKd8E,2,0.028285341899048338,sad
TX1sRxCrduA,1,0.0011182528513018041,fear
5Kod1q39ddE,1,0.15228712924937604,sad
dAfdPFWiF9U,1,0.06442271570364634,neutral
yJJmKFqqLTI,0,0.0,happy
lPwlfbeQOBg,0,0.0,angry
XRNv2yXqmaU,0,0.0,sad
GIdzIBDNt2s,3,0.020841755713410952,fear
VNqNnUJVcVs,0,0.0,fear
L-jMOTYWCgU,1,0.005302595387123196,sad
Q0k7ijqsGpQ,1,0.00694078589498531,neutral
ueTa3dytTuY,3,0.028398366816363704,happy
xKg0C6g8UDg,0,0.0,sad
ovJcsL7vyrk,0,0.0,fear
C0UyT5y6DHQ,2,0.049160455740884575,sad
sxt4YCIsn2I,1,0.030251766479383758,sad
_sZH-psg9yE,1,0.18958147277223159,sad
PDkC1eebWbU,2,0.1847756821487201,neutral
SIfIZqXaR0g,1,0.0007004831814689775,neutral
EzZGPCyrpSU,0,0.0,neutral
nbBHdhFs1q0,1,0.037726103692176466,fear
6DLU4Gih0gY,1,0.010115669850913238,fear
oilZ1hNZPRM,10,0.015160934967518138,happy
PSpoCIsuby8,0,0.0,
4Wrc4fHSCpw,0,0.0,happy
nfpWAqK0YZE,1,0.0830288420568104,surprise
X-Wmy_L5o9w,6,0.023437073076726544,sad
z1c0w5cYm18,1,0.1043711853700097,sad
BziZfoUXtJI,2,0.0011132785989401682,happy
TtzAcNZYflc,1,0.10466177895151892,fear
4DMEekDsN2M,2,0.04189579990685919,surprise
VQLi2GYVULc,2,0.08280517765684635,neutral
BJP9o4BEziI,2,0.07077480588980607,neutral
-A3IlRATIsI,0,0.0,fear
H8On7sHjsng,1,0.14215322984589193,neutral
3DkOxyBghN8,1,0.0687594099699345,sad
Lgy0_uB3sLI,0,0.0,angry
AAGIi62-sAU,2,0.0683328797412105,angry
3QIWolLM9i8,4,0.05221232102235364,angry
PIotJjzDyHM,4,0.019985386354936862,fear
G2JWvtGusTw,1,0.007230766785602707,happy
KXZxhmbbHk4,0,0.0,fear
1UFPWzVucSc,1,0.12578144002351715,angry
7WMebV5qt3s,0,0.0,
xJZlhECK0Ps,2,0.0343219192408459,fear
JqhCAORmsaE,13,0.004846663724044144,fear
F7Aqz3dAGfU,0,0.0,neutral
FboXxLxg8eo,1,0.10603977131523834,happy
txhlr7IUVLU,0,0.0,
9mhOJggoa_Q,2,0.0027847096347118675,happy
yiMlzXMr0KU,3,0.12166097046803467,neutral
BZbChKzedEk,2,0.018386086778188353,sad
fMfipiV_17o,1,0.05930502502302665,angry
daMJS6dk80o,2,0.10389887437588186,happy
wZLvLDknpPs,2,0.0014804823044566244,happy
h-h9cpm1vD8,1,0.35193186409859445,neutral
e8_6NEnS41A,11,0.0770786613228438,fear
MjiZrDrGCcc,0,0.0,neutral
b-VCzLiyFxc,11,0.14880839856801686,angry
LSFX9vrwJf8,0,0.0,happy
swoAnLQ38NI,0,0.0,happy
G2VxwFEA8xM,0,0.0,fear
gtXpRZUAc1o,2,0.009036553031238428,sad
cIkyO-L3HIw,2,0.002637092937757441,fear
rxhKrtb3XsE,1,0.11567436401538543,angry
BfzXLjK6Pno,3,0.14877056955437487,happy
Xfg861hO-Ag,1,0.006187187112001185,neutral
XoXg6DZmJmA,0,0.0,happy
LrRzZXuE9qA,1,0.02510926997723244,happy
52GCI7rqV4A,2,0.10716483463363147,sad
it7v4ATUEhc,1,0.0010836818037521173,neutral
SuBzMKQsrpE,0,0.0,
Y4Zdx97A63s,3,0.016573708069540772,happy
_hp_xsUg9ws,0,0.0,
X2jakwIVLbY,1,0.03250409287670057,happy
MQEEJ57Gsow,2,0.021574221047941742,neutral
kxLoycj4pJY,0,0.0,fear
p_8yK2kmxoo,0,0.0,angry
lnieUi5KB2c,0,0.0,
NaUnif8Aon0,0,0.0,sad
XU8_A4Kb2wo,0,0.0,happy
5BBhNkywMJY,10,0.04481263103420234,neutral
xy1gghJRcfI,0,0.0,surprise
NqVLbDJxfbw,4,0.06010335345490603,surprise
Lwq2WfpY-ss,0,0.0,fear
VuafXmP254E,1,0.005584932241843792,angry
3-jv7doUI8o,1,0.11249589144341826,sad
FQWX8R1KkY8,2,0.22540645746426788,sad
q-1HikE4b54,0,0.0,sad
Kou7ur5xt_4,1,0.005032220594831516,happy
TXdKrtmexWU,8,0.018217409031234033,neutral
t7GhemGAZXs,3,0.036784890684884886,neutral
Z3aNyMLKMG8,1,0.01602997857778064,fear
-VRx0GRo-Ws,2,0.029379735358638377,sad
ZI8QZ2WN-Xo,6,0.02633063894796275,sad
nV-wPx3fRWE,1,0.0024607312292937423,neutral
u4RNGRyzt10,0,0.0,happy
9x2NaGkl6BI,0,0.0,neutral
5lrI1IFtg7Q,0,0.0,
oAADFdfa-G4,2,0.02170436163748914,happy
iRYZjOuUnlU,0,0.0,happy
ZsxQxS0AdBY,0,0.0,surprise
Anfs5idQeJI,0,0.0,neutral
QDajL441mZc,6,0.012127438554321088,neutral
gxAaO2rsdIs,0,0.0,happy
opwON-7J_wI,0,0.0,
RskvZgc_s9g,8,0.03740313417937159,sad
VrqcmnUWBWc,0,0.0,
QgydTdThoeA,0,0.0,surprise
gSrnXgAmK8k,0,0.0,
ywZevdHW5bQ,1,0.07303681503889999,happy
L5hksM_R59M,2,0.050159588420972595,happy
k3uW6HTAvRQ,1,0.0018172686242319792,neutral
0z-oJTZ1b5Q,1,0.15725717737141823,neutral
MQyxG4vTyZ8,0,0.0,fear
LOQe63mBxWc,1,0.2699028769187104,happy
_QWZvU7VCn8,1,0.12888358004118344,happy
vHbLRf3C9KI,0,0.0,
Os3jAjpzUaU,0,0.0,happy
v_NRSoVncJQ,3,0.00589900307686801,neutral
DHvZLI7Db8E,0,0.0,fear
IWL3VlwiTxU,0,0.0,
nYHDj2sB-rc,0,0.0,sad
jeESbGPl_Dw,2,0.029750416454347336,happy
JyfeBHAfpZQ,0,0.0,angry
Ew-3-8itpjc,0,0.0,happy
sTrrussrG8A,5,0.0032610422367416606,sad
n3Xv_g3g-mA,0,0.0,neutral
MFzDaBzBlL0,0,0.0,sad
axI5Luw0Eos,0,0.0,sad
XvVCc1Ts0MA,0,0.0,surprise
DAUOurZIVfI,6,0.02555444037504723,neutral
giNAjqgCAaA,2,0.18559460785551588,sad
im-PLK7ePhQ,0,0.0,neutral
_qAJMXfL6o0,1,0.0594260176981657,surprise
48RFno9AQ9A,1,0.07825430068847254,angry
x2YLS80Nmls,2,0.061002755960899116,angry
qqQzU-q8S2o,2,0.0004510090251763662,happy
4ljKpK13BO0,0,0.0,
lZmZMISnW7w,1,0.016454179313570624,angry
fYq5PXgSsbE,0,0.0,fear
OdkzB13xjL0,1,0.05691286783951556,happy
oQ0a0eAPT7s,0,0.0,sad
OkmNXy7er84,0,0.0,fear
4duqI8WyfqE,0,0.0,angry
rk1fl8RbgyA,2,0.021009760762278045,happy
kqnvrjgyEMc,0,0.0,
BjRcNFgNo-g,0,0.0,
KbgvSi35n6o,1,0.051874763820099666,fear
2J6bJnwr1rw,2,0.3411581637053577,angry
jW3_txSfIAQ,1,0.15266447712383172,angry
3pAnRKD4raY,0,0.0,
w3jN7kgTVsI,1,0.036799108509994766,sad
SkY1DiyCqTU,1,0.061315361811310316,happy
9ANWQPD4Ak0,2,0.02834656536937776,neutral
JQ6TUnmaApY,2,0.08822338016876731,neutral
fqHJ05IO-cA,2,0.12373364715286192,angry
QgONIEV7Rh0,1,0.07087405902076373,happy
H-Len50xzX4,0,0.0,
6rjYXEYpuDo,2,0.027008631552775518,sad
UA3jI71gy8E,3,0.3200510581413804,happy
y_bbX_Ch1Z8,1,0.08101880698147902,angry
F-xa6Rk5rzg,5,0.06972482299295128,fear
7Alory4yIyo,1,0.14106137861757714,sad
6VHdJhSVwTU,3,0.08308136847104834,happy
1Gdl-A1DvpA,2,0.01651617265300754,fear
wvc4mPF1u1w,0,0.0,
oDYB4ZZLkmY,2,0.030710670265178427,happy
XW_qIqLhPkI,1,0.020836135986392543,happy
YO4Pm-a7oZ4,5,0.09783085238508546,happy
YXQpgAAeLM4,1,0.05554120171990083,happy
K8Z9Kqhrh5c,2,0.08712623682475244,angry
kL1aqfnIr2Y,1,0.14164328490434827,neutral
0AC2WEYclJs,0,0.0,
-mgqMpWKEBk,2,0.20625793841100354,happy
V2wgm1jIqho,1,0.07947247095263038,fear
464puoD09dM,1,0.0038203773086792755,fear
lIXl8eSzsFA,0,0.0,angry
lbHKL6RZ_vg,0,0.0,
IHfiMoJUDVQ,1,0.11433226485560176,happy
gvAF9mboxFM,1,0.06164769704377654,sad
4GihAbGZPwQ,1,0.36378875266822785,fear
0SmVHslppDQ,0,0.0,sad
cciw0MyXMyI,2,0.3369163686506545,happy
lWctcNBs2qQ,3,0.04980941192998822,sad
XAtzfJcuHjY,1,0.006774156146396611,neutral
oidnwPIeqsI,3,0.1749142850960622,happy
uMBeXHnWhsE,0,0.0,happy
qGYw1MeNjy8,2,0.006621979580073559,neutral
BInk1AoBHrY,2,0.05536536981894187,neutral
SvjwXhCNZcU,5,0.0027086544961720293,sad
zA3vmx0GaO8,0,0.0,
yPr9Xb_oRXk,2,0.05574933843544689,fear
cp5gdUHFGIQ,0,0.0,
bcdJgjNDsto,3,0.2636938514314501,sad
cQfNoSHlud0,0,0.0,sad
32zzZE658ec,4,0.04813757629264728,fear
OpHYkNlsxPs,2,0.009241670625813943,fear
94ed4v_T6YM,0,0.0,fear
I7g08nwEmyY,0,0.0,sad
xgHIvDHqUDA,0,0.0,angry
7Q17ubqLfaM,0,0.0,fear
bYs_zn2pTZo,4,0.227743084668965,surprise
_uScCrpAW4U,2,0.016641532175573275,neutral
8Sm99OVG5A8,1,0.06975018304606137,happy
_IOZbJ7PCPk,2,0.14482267080087594,happy
mdZo_keUoEs,0,0.0,
IYVjOfoU3uI,1,0.09379220641765136,surprise
w08XDXjJhsQ,0,0.0,angry
qXUJSCZiU48,1,0.09093860877264029,sad
tORfGTrr1ww,1,0.016527288017461818,neutral
OSxO1sC1Zfw,0,0.0,
aDQZUxsrgeI,1,0.3173560571863618,fear
3LS83dDqoGU,2,0.6540420661164211,sad
Da8-QfGemgo,1,0.2328621525722944,fear
luTPMHC7zHY,0,0.0,fear
fBljahaLMXs,1,0.1531147625404689,happy
eCEG4QyQbF4,0,0.0,
tk_ZlWJ3qJI,0,0.0,sad
9kRgVxULbag,0,0.0,happy
I6Oku6zex-k,4,0.013611923653923745,sad
Fgkf7VGtZfY,1,0.2975264084456891,neutral
ct8U06Wonhk,0,0.0,happy
5W07i-V_MVE,0,0.0,neutral
Zczmz4850wM,2,0.011121110287673824,happy
aircAruvnKk,0,0.0,fear
Mf76yyTY7Ss,0,0.0,sad
iS68LmqFVeA,1,0.13763374757521282,happy
1TieKn0W4o0,2,0.0012476078986664006,neutral
zIYkol851dU,0,0.0,
LfR4QfmwTAc,1,0.0006254118034121348,happy
H2tuKiiznsY,0,0.0,neutral
AAtoia2BbjE,1,0.10224353092164772,sad
fo2Rb9h788s,0,0.0,angry
IkTZ8BVAlFE,2,0.02328918984736674,neutral
-cPdImejxEQ,0,0.0,angry
YkiR1KjIw7k,2,0.013219160955393616,happy
lpcpsCY4Mco,1,0.0925172422558171,neutral
7euiD_kZi4g,0,0.0,
Uk3-FxTF-BU,2,0.1741973636045043,sad
BemHqUqcpI8,2,0.011073529068063788,neutral
2awbKQ2DLRE,1,0.0004854853526598567,happy
SGNwG_MjslI,1,0.01755147472976508,happy
SvQ7rmr3mow,1,0.08759928688319228,happy
A_Aw1auPWe0,0,0.0,fear
WBxqiUhadyY,1,0.09047998285588821,neutral
WQJuGeqdbn4,1,0.018304786479343926,neutral
_28b0P_6VvY,0,0.0,neutral
UMdI5JwoI2I,0,0.0,fear
ssDdqq_9TzI,2,0.029505996796798273,fear
TCR2hJcW11k,2,0.014853068078896286,neutral
BtN-goy9VOY,0,0.0,neutral
DTvS9lvRxZ8,0,0.0,happy
tCtal_f8nJI,1,0.0020292528620504727,neutral
nduMTX86Zl0,1,0.00037320744181165033,fear
4iC9Qi3y9q8,0,0.0,fear
KQMZexRllNs,0,0.0,fear
y6GNrpcXtqM,2,0.2291733782817073,happy
UZzxBbBby1I,2,0.1726662910649429,sad
UckZ5xF1O3s,0,0.0,neutral
ElQdUHSXkME,0,0.0,sad
zTJa_SwHcTE,3,0.004342837792401042,sad
G5wcCPw5FEg,0,0.0,neutral
ZE3bT2Z-8eE,0,0.0,fear
NkBmPIm3JDk,3,0.06014302033607237,neutral
A4g2pdjxnY8,1,0.003987089266562597,sad
Xnk4seEHmgw,2,0.10272390203154777,surprise
Y3DEpThhyeY,0,0.0,happy
8NLE8d4GW-Y,1,0.032435398981002034,sad
tFmb5h1lN-w,1,0.09553258453112752,happy
przFVvL-gxs,1,0.00898433119851082,sad
JSOcG2Svf4U,0,0.0,fear
2BZGjycR7YM,0,0.0,fear
y-jdvMU1EKo,2,0.0007642898843267984,angry
Yw-FSUEc8Pc,2,0.036808443981880275,happy
7VX090Fi63E,0,0.0,fear
qSOVBiEotaw,0,0.0,sad
OcUv-TzVWUc,1,0.04218893987774411,sad
NaTUT9_qyXQ,0,0.0,
GyamlGlrERQ,1,0.022322699217960082,sad
KqZCFEThVcA,1,0.12563852548117665,neutral
NMDZcbkgpJA,0,0.0,fear
uPjJ_VAubRs,2,0.005841279519256154,sad
RiTf1SOKa1s,0,0.0,neutral
kLtpcxtk4HI,4,0.010482053355137093,happy
GVLAAMZeraQ,1,0.2161706411612987,sad
TwPHIABVdg8,0,0.0,sad
7CZq5SkIiu0,4,0.0740792958315292,sad
snWvNkJCCs8,0,0.0,happy
iX_QyjdctsQ,0,0.0,happy
VFns39RXPrU,1,0.2103340668084949,angry
fihVzPl7Dys,3,0.085950940792188,fear
4F84WapAH7M,1,0.14380082449285284,fear
ZLyDvABxGF0,0,0.0,neutral
DLjJwW1lFxI,2,0.045525499459098076,sad
ug_sryfoPMc,0,0.0,happy
4_aOIA-vyBo,0,0.0,sad
bmFpNbscp5Q,0,0.0,angry
udwPo6vLfSU,0,0.0,sad
Quvby2Me5CM,2,0.0020872656270887547,happy
j59qQ7YWLxw,0,0.0,sad
Cln0J87vulU,1,0.025910756192713255,angry
UqaNKNgSxYI,0,0.0,neutral
4-u_I8o0VEk,1,0.002693589476887913,happy
1J2YOLQM2Yc,0,0.0,sad
rXAeb7Pmzjs,2,0.09357549445071356,angry
sv0iN5J-9mk,1,0.0021516039018752054,sad
JhHMJCUmq28,0,0.0,sad
noT8kkdl8hE,3,0.05332434073090806,sad
PTpoj4f25dk,0,0.0,fear
lfyRNCFt2jU,0,0.0,angry
rXAHfruN6OA,0,0.0,
w2gbRe8bOsY,0,0.0,neutral
REhLHpdLCE0,0,0.0,happy
QcWELyTbdP4,0,0.0,neutral
mE2mevd7-7A,0,0.0,surprise
PEikGKDVsCc,0,0.0,sad
9vrqKAiRDcM,0,0.0,neutral
epziREoUSnU,0,0.0,
vrGf4nJWVOU,3,0.03941709753886244,neutral
t_hBKGbf_c0,1,0.11804554775744691,surprise
B1t4Fjlomi8,0,0.0,fear
eXTiiz99p9o,0,0.0,surprise
S9VeNB5ili8,2,0.026681829540075343,neutral
VXtVrNdD3YA,0,0.0,fear
4FMdbwDdHlw,3,0.027861625872628793,sad
jwu2y9x5OlM,1,0.0006329374519555131,sad
p28wMbunulQ,0,0.0,neutral
TVe5XPU10Zc,0,0.0,happy
K0-GxoJ_Pcg,0,0.0,neutral
AiwOQRhKF1E,3,0.08300373706323398,sad
Rd8PFcqUxA4,1,0.1534140678001207,happy
5VDnj8IEWNc,9,0.0786012116729752,neutral
0PrUr3bQdwM,0,0.0,sad
9WSBQne_8FE,0,0.0,neutral
1ZgxeX2dCnQ,2,0.07394750176643154,fear
3R3cvbLsbAk,0,0.0,happy
Cqbleas1mmo,1,0.06366681574996619,sad
ZtyMdRzvi0w,1,0.019114728547791754,angry
tH8HrL-2XZs,0,0.0,
BURAxRI2DQo,1,0.10930713997704111,angry
kjNU-dbG3ek,1,0.23655071269115677,surprise
QWhUvm8SunY,4,0.05463365729857287,happy
aKQPSZbPKjI,0,0.0,happy
leDLtQHFzKE,2,0.05401905248466695,fear
n4bucphC9r4,3,0.4178443392854509,happy
xMy2O1RVkMI,0,0.0,neutral
PYzhuFS8YkE,9,0.08090514860831945,happy
mtnVU4BU39E,5,0.09267645551015549,fear
PaErPyEnDvk,0,0.0,happy
L0H6xYwMQnk,5,0.004483391018887535,sad
6ghOAKzQMGY,0,0.0,neutral
ei43IyseG9Y,1,0.21923648635335719,happy
kEQACtNXl6g,2,0.12810671257389306,happy
lxMWSmKieuc,1,0.03542665188085165,fear
hdHjjBS4cs8,0,0.0,sad
qjlpBiQjzPg,1,0.05959993427160195,happy
Op8KgCcoqn8,7,0.05061272398860031,happy
7pOXunRYJIw,0,0.0,neutral
rPcYW9dTAUw,0,0.0,happy
Iqot-l3iFz0,0,0.0,
x5nEb-7UKZI,5,0.016255186365116667,fear
4pNGfRvE-vA,2,0.09075529648035778,sad
I4Q3YDezqcM,0,0.0,happy
K5MrpawcrWQ,0,0.0,fear
pACgVf6rSiE,0,0.0,neutral
c7i3rprLMJw,1,0.07939058983020005,sad
xoxhDk-hwuo,0,0.0,sad
15AGWA9bTjo,9,0.12724152366272645,surprise
jV51BGIzkwU,1,0.006846643074318308,angry
bxHEZU0AFcQ,1,0.0918872281867031,happy
bibPGJBDILQ,5,0.09083740098715982,fear
Cg9JUpalyYc,2,0.2000767456948188,angry
ygPBddnvhwY,1,0.07193557447377884,happy
7ZiHjo9sGbk,2,0.0012731061612107119,happy
-pAOuR8s03Q,2,0.11798718600136908,surprise
RXXMJAU6vY8,2,0.06911871510195346,happy
kaQzEvpmDIo,1,0.002624052870473608,happy
RGw6fXprV9U,0,0.0,neutral
fJGxc0x7hzA,0,0.0,fear
0ssucYoYtYE,1,0.2551510992704309,happy
k4wAEJ1J8_Y,0,0.0,
iL4irerdGdU,2,0.09642145648665973,happy
Gy4QHTgikbk,3,0.09512626317484395,neutral
AFGGDq4JFhc,0,0.0,
TGZsBfUQ3J4,1,0.012267242503139389,sad
mBbOF8LVCj4,2,0.158922060016919,happy
uo0jY_lRpp8,0,0.0,happy
aIYBZIM10DA,1,0.1365037757187944,neutral
IWSGFLazkjE,1,0.05547257433229081,happy
u21W_tfPVrY,0,0.0,happy
4VTOplLl2BM,3,0.10410645615454188,neutral
WLSNPkf8RCU,1,0.0657500101281476,neutral
Mh4f9AYRCZY,0,0.0,
CgqudioHmTE,1,0.09290933549017003,sad
2TeWWWrLNqI,1,0.0005766045734263672,fear
oKbEuUjbGL0,0,0.0,fear
G2CuMoe3TWU,0,0.0,neutral
Sh6lK57Cuk4,0,0.0,sad
y5gnlPTXGB4,1,0.000771140817925142,sad
p7zR0oJTOqU,0,0.0,
-8tk0uk17gc,1,0.028686726945798567,sad
_uk_6vfqwTA,0,0.0,neutral
jDdKtWnFXFo,2,0.04427777075636641,sad
evQsOFQju08,1,0.10532066428903666,neutral
FWYsvw_U3Zw,2,0.327339584586121,fear
GxLwDHjIp4c,3,0.03806177207409847,happy
EVbdbVhzcM4,0,0.0,
nhQPBSa2w9k,0,0.0,neutral
x4yF3a3Zn4Y,0,0.0,neutral
vUdSUDObwVc,0,0.0,neutral
-53kaP6dZeI,0,0.0,neutral
lrCwmpjR77U,1,0.023391355179386057,neutral
0lrIqGphJx8,1,0.0003247199649841706,sad
_jPaYnaKVDk,0,0.0,neutral
2rRIqrWuYy4,0,0.0,neutral
HkLibqNtjZk,0,0.0,happy
HqYlqWvlPTA,2,0.09866172488522605,happy
Yaui2pL26ZQ,3,0.24895885054296388,fear
vn3tm0quoqE,0,0.0,fear
XfcvX0P1b5g,0,0.0,surprise
XCRSyxwE9IY,0,0.0,
MrnCDKB1hE0,0,0.0,sad
KwmvsHtoLgU,5,0.09676508469201608,angry
eJt_afGN3IQ,1,0.07623331996270281,happy
S-8U4lSEq8A,1,0.3545817620719285,sad
eKBGcQfp1DI,0,0.0,neutral
9M8FzipwYtk,1,0.16553582539268266,happy
rtYC2jx1LM0,2,0.00861993379124619,fear
tF0dCNxfYHk,0,0.0,happy
pKO9UjSeLew,1,0.11615719489964249,happy
BiDvLshi9CY,1,0.0006943596807104768,happy
yCdbHiVPYwI,3,0.39878672622162464,happy
yPsYOnGPOZk,1,0.0047226666556652065,angry
K7zdYKn2RJo,0,0.0,
DKK-Swlgl4U,0,0.0,
-XTnL4Mang0,0,0.0,neutral
mkuxs3YlQFM,0,0.0,
Aa-rfmbUG24,1,0.06630954247756866,neutral
JyECrGp-Sw8,0,0.0,neutral
F4rykKLcduI,0,0.0,
Tfb99MZlqKY,3,0.1087932458278015,neutral
EsL5ajBEspE,2,0.11106277908851452,sad
G3gqFdFXoC0,0,0.0,fear
2nYF46P7B2c,0,0.0,fear
S32y9aYEzzo,1,0.011627667480944789,angry
mmlyHMLeo1o,1,0.10072614336725867,happy
pwIhn9Ljeqo,0,0.0,happy
Strwla1ELdA,7,0.06961283825047682,neutral
DonD68byO0o,2,0.06284782650936602,neutral
iaEcZW0eyEg,2,0.15016057721525916,sad
sW9npZVpiMI,1,0.1436547526129933,sad
yl3MiR7XXAM,1,0.20830397314011945,neutral
dJfSS0ZXYdo,2,0.12042498842144596,neutral
