Id,Channel,Subscribers,Title,URL,Released,Views,Category,Length,views,subscriber_count,normalized_performance,engagement_label
ldxFjLJ3rVY,3Blue1Brown,8.20M subscribers,This picture broke my brain,https://www.youtube.com/watch?v=ldxFjLJ3rVY,2026-03-22,440.8K views,Education,44:52,440800.0,8199999.999999999,0.05375609756097561,4
fZ_TS6Nru-g,A&E,11.70M subscribers,Quiet Suburb Erupts During Heated Road Confrontation | Road Wars | A&E #shorts,https://www.youtube.com/watch?v=fZ_TS6Nru-g,2026-03-23,702 views,Entertainment,1:04,702.0,11700000.0,5.999999999999999e-05,0
nsTvjXVLdeo,A&E,11.70M subscribers,Ivy Finds $1.1K Toy Haul in $800 Locker | Storage Wars | A&E,https://www.youtube.com/watch?v=nsTvjXVLdeo,2026-03-23,944 views,Entertainment,9:18,944.0,11700000.0,8.068376068376068e-05,0
I4fS93Vj5gc,A&E,11.70M subscribers,Amputate or Burn: A Farmer’s Fight to Survive | I Survived | A&E,https://www.youtube.com/watch?v=I4fS93Vj5gc,2026-03-23,1.4K views,Entertainment,9:47,1400.0,11700000.0,0.00011965811965811963,0
ENzL9iXD9OQ,A&E,11.70M subscribers,Live PD: Police Patrol – Back-to-Back Full Episodes – MARATHON Pt. 29 | A&E,https://www.youtube.com/watch?v=ENzL9iXD9OQ,2026-03-23,36.3K views,Entertainment,38:13,36300.0,11700000.0,0.003102564102564102,2
6_NBAWxveco,A&E,11.70M subscribers,"He Survived the Fast Food Killer (S1, E12) | I Survived a Serial Killer | Full Episode",https://www.youtube.com/watch?v=6_NBAWxveco,2026-03-23,17.8K views,Entertainment,42:38,17800.0,11700000.0,0.001521367521367521,2
8V6H_BVGtkA,A&E,11.70M subscribers,"Firework Blast, a Violent Neighbor and Parking Lot Chaos (S1, E2) | Neighborhood Wars | Full Ep",https://www.youtube.com/watch?v=8V6H_BVGtkA,2026-03-22,6.8K views,Entertainment,20:22,6800.0,11700000.0,0.0005811965811965811,1
YBhJv-cnAqs,A&E,11.70M subscribers,"American Justice: Police Cover-Ups, Targeted Killings & Public Outrage – Full Episode Marathon",https://www.youtube.com/watch?v=YBhJv-cnAqs,2026-03-22,42.7K views,Entertainment,1:25:39,42700.0,11700000.0,0.003649572649572649,3
XhGljkG3uzc,A&E,11.70M subscribers,Judge Rebukes Man for Verbally Abusing Probation Officer | Court Cam | A&E #shorts,https://www.youtube.com/watch?v=XhGljkG3uzc,2026-03-22,9.3K views,Entertainment,2:59,9300.0,11700000.0,0.0007948717948717947,1
pJFrp8JGXpA,A&E,11.70M subscribers,Court Cam: Top 5 Michigan Cases - Part 3 | A&E,https://www.youtube.com/watch?v=pJFrp8JGXpA,2026-03-22,14.4K views,Entertainment,19:19,14400.0,11700000.0,0.0012307692307692306,2
E-G2VyfrjLE,A&E,11.70M subscribers,"DNA Finally Catches a Serial Attacker & a 29-Year-Old Killer (S4, E19) | Cold Case Files | Full Ep",https://www.youtube.com/watch?v=E-G2VyfrjLE,2026-03-22,32.4K views,Entertainment,43:37,32400.0,11700000.0,0.0027692307692307686,2
kRZDdF71Zrc,Austin Evans,5.75M subscribers,The PlayStation Portal Just Got Better,https://www.youtube.com/watch?v=kRZDdF71Zrc,2026-03-23,19.2K views,Science,0:35,19200.0,5750000.0,0.003339130434782608,3
3I1GCeLiHVg,Austin Evans,5.75M subscribers,The App Store is a SCAM,https://www.youtube.com/watch?v=3I1GCeLiHVg,2026-03-22,135.6K views,Science,30:18,135600.0,5750000.0,0.02358260869565217,4
EX4sLXdeSlM,BBC News,19.50M subscribers,Trump says US and Tehran have held talks on day 24 of Iran war | BBC News,https://www.youtube.com/watch?v=EX4sLXdeSlM,2026-03-23,706 views,News,12:26,706.0,19500000.0,3.6205128205128205e-05,0
CNq9Nj8J0O0,BBC News,19.50M subscribers,Trump's options: how could the Iran war end? | The Global Story,https://www.youtube.com/watch?v=CNq9Nj8J0O0,2026-03-23,32.4K views,News,17:06,32400.0,19500000.0,0.0016615384615384615,2
7fQEVySQUOc,BBC News,19.50M subscribers,Police bodycam shows Justin Timberlake being booked by police. #JustinTimberlake #BBCNews,https://www.youtube.com/watch?v=7fQEVySQUOc,2026-03-23,6.6K views,News,0:51,6600.0,19500000.0,0.00033846153846153846,0
w57K8YAowcs,BBC News,19.50M subscribers,"‘Stop, stop, stop’ - audio from moments before LaGuardia crash. #NewYork #BBCNews",https://www.youtube.com/watch?v=w57K8YAowcs,2026-03-23,11.0K views,News,0:38,11000.0,19500000.0,0.0005641025641025641,1
vFJxyllkZS0,BBC News,19.50M subscribers,Minecraft is becoming a real life UK theme park | BBC News,https://www.youtube.com/watch?v=vFJxyllkZS0,2026-03-23,3.6K views,News,5:45,3600.0,19500000.0,0.0001846153846153846,0
jtptRf0j9I4,BBC News,19.50M subscribers,The rise of fake AI influencers sexualising black women | BBC News,https://www.youtube.com/watch?v=jtptRf0j9I4,2026-03-23,13.7K views,News,4:05,13700.0,19500000.0,0.0007025641025641025,1
CHHZeB6KDOI,BBC News,19.50M subscribers,Attack on Jewish community ambulances in London investigated by counter-terror police | BBC News,https://www.youtube.com/watch?v=CHHZeB6KDOI,2026-03-23,46.3K views,News,4:57,46300.0,19500000.0,0.002374358974358974,2
CUmizwGxjFw,BBC News,19.50M subscribers,"Trump postpones strikes against Iran power plants due to ""productive"" talks with Tehran | BBC News",https://www.youtube.com/watch?v=CUmizwGxjFw,2026-03-23,245.7K views,News,9:28,245700.0,19500000.0,0.0126,4
85NfmxcfUQE,BBC News,19.50M subscribers,Two pilots killed after plane and ground vehicle collide at New York's LaGuardia Airport | BBC News,https://www.youtube.com/watch?v=85NfmxcfUQE,2026-03-23,119.9K views,News,4:36,119900.0,19500000.0,0.0061487179487179485,3
t2innEBRwCM,BBC News,19.50M subscribers,Ambulances set on fire in London treated as antisemitic hate crime. #London #BBCNews,https://www.youtube.com/watch?v=t2innEBRwCM,2026-03-23,23.5K views,News,0:16,23500.0,19500000.0,0.0012051282051282052,1
Hiy_EEEhqHw,BBC News,19.50M subscribers,Two pilots killed after plane collided with firefighting vehicle in New York. #NewYork #BBCNews,https://www.youtube.com/watch?v=Hiy_EEEhqHw,2026-03-23,62.6K views,News,0:16,62600.0,19500000.0,0.0032102564102564103,3
BKE-Y9nkUPs,BBC News,19.50M subscribers,Deadline looms: Trump and Iran threaten to destroy power and water supplies | BBC News,https://www.youtube.com/watch?v=BKE-Y9nkUPs,2026-03-22,622.6K views,News,12:10,622600.0,19500000.0,0.03192820512820513,4
LyATNwXUlWg,BBC News,19.50M subscribers,Iran strikes near nuclear facility in Israel | BBC News,https://www.youtube.com/watch?v=LyATNwXUlWg,2026-03-22,597.3K views,News,14:09,597300.0,19500000.0,0.030630769230769232,4
ULYMXiF_xT0,BBC News,19.50M subscribers,Are Iranian missiles capable of hitting the UK? | BBC Newscast,https://www.youtube.com/watch?v=ULYMXiF_xT0,2026-03-22,86.1K views,News,25:56,86100.0,19500000.0,0.004415384615384615,3
EtNCI9gyck0,BBC News,19.50M subscribers,Iranian missiles injure more than 180 in towns near Israeli nuclear site. #Israel #Iran #BBCNews,https://www.youtube.com/watch?v=EtNCI9gyck0,2026-03-22,78.1K views,News,0:47,78100.0,19500000.0,0.004005128205128205,3
Rfzik8PkytA,BBC News,19.50M subscribers,"Trump threatens to ""obliterate"" Iranian power plants. #Iran #StraitOfHormuz #DonaldTrump #BBCNews",https://www.youtube.com/watch?v=Rfzik8PkytA,2026-03-22,43.5K views,News,1:17,43500.0,19500000.0,0.0022307692307692306,2
t-f_u7GDd8w,BBC News,19.50M subscribers,Iran strikes Israeli towns near nuclear site | BBC News,https://www.youtube.com/watch?v=t-f_u7GDd8w,2026-03-22,144.8K views,News,3:11,144800.0,19500000.0,0.007425641025641026,3
uMmISW6x38M,BBC News,19.50M subscribers,Drone technology in the spotlight | BBC News,https://www.youtube.com/watch?v=uMmISW6x38M,2026-03-22,99.1K views,News,4:54,99100.0,19500000.0,0.005082051282051282,3
hTEzd0B6o9s,BBC News,19.50M subscribers,Trump says US will ‘obliterate’ Iran’s power plants if Strait of Hormuz not open | BBC News,https://www.youtube.com/watch?v=hTEzd0B6o9s,2026-03-22,417.8K views,News,4:27,417800.0,19500000.0,0.021425641025641026,4
8dUx0tKt__w,BBC News,19.50M subscribers,Bodycam footage of Justin Timberlake's 2024 drink-driving arrest released. #BBCNews,https://www.youtube.com/watch?v=8dUx0tKt__w,2026-03-22,42.0K views,News,1:23,42000.0,19500000.0,0.0021538461538461538,2
HKA_yKKgxlE,BBC News,19.50M subscribers,Iranian missile strikes near Israeli nuclear site. #Israel #Iran #Dimona #BBCNews,https://www.youtube.com/watch?v=HKA_yKKgxlE,2026-03-22,104.4K views,News,0:26,104400.0,19500000.0,0.0053538461538461535,3
V_qVzmk3pLI,BBC News,19.50M subscribers,Iran launches attack on Israel’s top secret nuclear facility in Negev desert | BBC News,https://www.youtube.com/watch?v=V_qVzmk3pLI,2026-03-21,1.4M views,News,6:51,1400000.0,19500000.0,0.07179487179487179,4
XfWmwVLjLb8,Bon Appétit,7.28M subscribers,This Seekh Kebab in Delhi is a Heavenly Experience,https://www.youtube.com/watch?v=XfWmwVLjLb8,2026-03-23,3.7K views,Entertainment,1:31,3700.0,7280000.0,0.0005082417582417582,1
BUWTKesD3ew,Brooklyn Nine-Nine,1.18M subscribers,This Blockbuster video would make YOU want to watch Brooklyn 99 again and again,https://www.youtube.com/watch?v=BUWTKesD3ew,2026-03-23,5.2K views,Comedy,40:03,5200.0,1180000.0,0.004406779661016946,3
ETmj2w5JRZw,carwow,10.90M subscribers,Should the Cybertruck be sold in the UK?,https://www.youtube.com/watch?v=ETmj2w5JRZw,2026-03-23,3.9K views,Cars,0:43,3900.0,10900000.0,0.0003577981651376146,0
j0J5VqVShno,carwow,10.90M subscribers,🇺🇸 USA  v Germany 🇩🇪: BRAKE TEST,https://www.youtube.com/watch?v=j0J5VqVShno,2026-03-22,341.4K views,Cars,0:28,341400.0,10900000.0,0.031321100917431184,4
s8j6glUCvWY,CNET,4.07M subscribers,Stop Taking Average Photos! Unlock Your iPhone’s Secret Pro Mode,https://www.youtube.com/watch?v=s8j6glUCvWY,2026-03-23,4.4K views,Science,5:20,4400.0,4070000.0000000005,0.0010810810810810807,1
mFr7XfTY5bY,CNET,4.07M subscribers,Racing to Find the Best Robots at Nvidia GTC,https://www.youtube.com/watch?v=mFr7XfTY5bY,2026-03-22,10.2K views,Science,5:50,10200.0,4070000.0000000005,0.0025061425061425053,2
YHGyPBj12Sc,CNET,4.07M subscribers,Unboxing the $499 Nothing Phone 4a Pro in Pink,https://www.youtube.com/watch?v=YHGyPBj12Sc,2026-03-06,631 views,Science,0:37,631.0,4070000.0000000005,0.00015503685503685498,0
oncMVzwgDEo,Donut,9.26M subscribers,How Brake Calipers Are Made,https://www.youtube.com/watch?v=oncMVzwgDEo,2026-03-22,31.3K views,Cars,0:39,31300.0,9260000.0,0.0033801295896328286,3
qj_AbV1Ph90,Dr. Becky,828.00K subscribers,Ryan Gosling chats to an astrophysicist | Project Hail Mary,https://www.youtube.com/watch?v=qj_AbV1Ph90,2026-03-22,27.3K views,Science,7:35,27300.0,828000.0,0.03297101449275358,4
EYvOG504p9A,DRIVETRIBE,3.03M subscribers,Richard Hammond Returns to Top Gear in His Old Mustang,https://www.youtube.com/watch?v=EYvOG504p9A,2026-03-22,166.4K views,Cars,9:18,166400.0,3030000.0,0.0549174917491749,4
s_kTh7_KGjM,First We Feast,15.30M subscribers,"Maddie Ziegler, Lana Condor, and the Cast of 'Pretty Lethal' Play Hot Ones Wing Pong",https://www.youtube.com/watch?v=s_kTh7_KGjM,2026-03-23,2.7K views,Entertainment,13:10,2700.0,15300000.0,0.0001764705882352941,0
Nk7m0ielhgk,First We Feast,15.30M subscribers,"""I ❤️ Wing Pong!""",https://www.youtube.com/watch?v=Nk7m0ielhgk,2026-03-23,739 views,Entertainment,0:58,739.0,15300000.0,4.8300653594771236e-05,0
6SU_Pvg7xi4,First We Feast,15.30M subscribers,Luke Combs is a man that knows how to eat a wing 🍗🍗,https://www.youtube.com/watch?v=6SU_Pvg7xi4,2026-03-22,5.8K views,Entertainment,0:18,5800.0,15300000.0,0.0003790849673202614,0
st9oLUSnWqo,First We Feast,15.30M subscribers,"""Ethically, it's more complicated..."" Louis Theroux on the ethics of modern documentaries",https://www.youtube.com/watch?v=st9oLUSnWqo,2026-03-22,87.1K views,Entertainment,1:15,87100.0,15300000.0,0.0056928104575163395,3
KaQb-HNCGzA,gameranx,8.56M subscribers,10 Recent Games We REGRET We DIDN'T COVER,https://www.youtube.com/watch?v=KaQb-HNCGzA,2026-03-23,59.7K views,Gaming,20:58,59700.0,8560000.0,0.006974299065420559,3
lxKdIkV_8lw,gameranx,8.56M subscribers,Crimson Desert: 10 MISTAKES YOU SHOULDN'T MAKE,https://www.youtube.com/watch?v=lxKdIkV_8lw,2026-03-22,254.5K views,Gaming,18:35,254500.0,8560000.0,0.029731308411214945,4
g-Pv_ihFdkY,Hardware Canucks,1.92M subscribers,Intel's Redemption Arc Begins.,https://www.youtube.com/watch?v=g-Pv_ihFdkY,2026-03-23,8.0K views,Science,15:59,8000.0,1920000.0,0.004166666666666665,3
LSKhJJtfuqQ,Hardware Canucks,1.92M subscribers,MacBook Neo - A Windows User's Review,https://www.youtube.com/watch?v=LSKhJJtfuqQ,2026-03-22,81.8K views,Science,9:38,81800.0,1920000.0,0.042604166666666644,4
P1JqcweeTsE,Hell's Kitchen,2.51M subscribers,Chef Ramsay's mentor is so cute 🥺 #hellskitchen #gordonramsay,https://www.youtube.com/watch?v=P1JqcweeTsE,2026-03-23,2.3K views,Entertainment,1:05,2300.0,2510000.0,0.0009163346613545813,1
uXYP4F52Uxc,Hell's Kitchen,2.51M subscribers,Chef Ramsay Challenges the Final Three to Elevate American Classics For His Mom | Hell's Kitchen,https://www.youtube.com/watch?v=uXYP4F52Uxc,2026-03-23,7.3K views,Entertainment,8:09,7300.0,2510000.0,0.0029083665338645406,2
FF9OA_6BkmA,Hell's Kitchen,2.51M subscribers,Brad gets caught scraping off the burned bits of Wellington 😬 #hellskitchen #gordonramsay,https://www.youtube.com/watch?v=FF9OA_6BkmA,2026-03-22,42.9K views,Entertainment,1:35,42900.0,2510000.0,0.01709163346613545,4
36TDlzZ8b4s,Hell's Kitchen,2.51M subscribers,Best & Worst Dinner Service of Season 3 | Hell's Kitchen,https://www.youtube.com/watch?v=36TDlzZ8b4s,2026-03-22,22.8K views,Entertainment,21:50,22800.0,2510000.0,0.009083665338645415,3
NdSV1qMHjVI,Insider News,908.00K subscribers,Audio captures final moments before fatal collision at #laguardia,https://www.youtube.com/watch?v=NdSV1qMHjVI,2026-03-23,2.0K views,News,0:32,2000.0,908000.0,0.002202643171806165,2
0zJanbPPFDk,JRE Clips,8.34M subscribers,Eddie Bravo on Suspicious Celebrity Deaths,https://www.youtube.com/watch?v=0zJanbPPFDk,2026-03-22,441.4K views,People,7:14,441400.0,8340000.0,0.05292565947242206,4
LY6HetGztbI,JRE Clips,8.34M subscribers,Eddie Bravo's Questions About the Iran Conflict,https://www.youtube.com/watch?v=LY6HetGztbI,2026-03-22,365.2K views,People,8:20,365200.0,8340000.0,0.043788968824940044,4
MX_r0KsMpho,Kurzgesagt – In a Nutshell,25.10M subscribers,Spaceships Powered by Nukes,https://www.youtube.com/watch?v=MX_r0KsMpho,2026-03-23,113.2K views,Education,1:09,113200.0,25100000.0,0.0045099601593625496,3
yqLMaJ8AjUc,Lex Clips,1.61M subscribers,Will NVIDIA be worth $10 trillion? | Jensen Huang and Lex Fridman,https://www.youtube.com/watch?v=yqLMaJ8AjUc,2026-03-23,632 views,Science,10:29,632.0,1610000.0,0.00039254658385093143,0
lSSkQnHWisM,Linus Tech Tips,16.80M subscribers,Intel is BACK. THIS IS NOT A DRILL. - Core Ultra 270K Plus & 250K Plus CPU Review,https://www.youtube.com/watch?v=lSSkQnHWisM,2026-03-23,288.9K views,Science,11:27,288900.0,16800000.0,0.01719642857142857,4
v8v_eXr03wg,Linus Tech Tips,16.80M subscribers,Faraday Bags for cellphones?,https://www.youtube.com/watch?v=v8v_eXr03wg,2026-03-22,671.2K views,Science,0:33,671200.0,16800000.0,0.039952380952380954,4
r_HNogjVf98,Markiplier,38.50M subscribers,Resident Evil: Requiem - Part 12,https://www.youtube.com/watch?v=r_HNogjVf98,2026-03-22,419.9K views,Gaming,55:47,419900.0,38500000.0,0.010906493506493507,4
E8cRyoRy_Rg,Mythical Kitchen,4.25M subscribers,Hilary Duff vs. Josh (WHO WON?),https://www.youtube.com/watch?v=E8cRyoRy_Rg,2026-03-23,6.2K views,Entertainment,2:00,6200.0,4250000.0,0.0014588235294117644,2
YCplYnBW_XE,NBC News,11.90M subscribers,LIVE: Officials give updates after fatal LaGuardia Airport collision | NBC News,https://www.youtube.com/watch?v=YCplYnBW_XE,2026-03-23,842 views,News,0:00,842.0,11900000.0,7.075630252100839e-05,0
VHpSv_XcxuI,NBC News,11.90M subscribers,LIVE: Trump meets with Memphis safety task force | NBC News,https://www.youtube.com/watch?v=VHpSv_XcxuI,2026-03-23,8.3K views,News,1:35:25,8300.0,11900000.0,0.0006974789915966385,1
sXxlXSV21F8,NBC News,11.90M subscribers,ICE agents spotted in airports across the country in plan to assist TSA,https://www.youtube.com/watch?v=sXxlXSV21F8,2026-03-23,39.8K views,News,3:40,39800.0,11900000.0,0.00334453781512605,3
Jdno1G8fVWA,NBC News,11.90M subscribers,Full Episode: TODAY Show - March 23,https://www.youtube.com/watch?v=Jdno1G8fVWA,2026-03-23,2.0K views,News,1:13:21,2000.0,11900000.0,0.00016806722689075628,0
kLLSl9hAvnw,NBC News,11.90M subscribers,Recordings reveal fire truck was cleared to cross LGA runway before jet collision,https://www.youtube.com/watch?v=kLLSl9hAvnw,2026-03-23,7.9K views,News,3:51,7900.0,11900000.0,0.0006638655462184872,1
yF4mbbzoyHw,NBC News,11.90M subscribers,Supreme Court appears skeptical of mail-in ballots that arrive after Election Day,https://www.youtube.com/watch?v=yF4mbbzoyHw,2026-03-23,5.1K views,News,2:13,5100.0,11900000.0,0.0004285714285714285,1
qxsYPRY91X8,NBC News,11.90M subscribers,Trump tells Republicans: 'Don't make any deal' unless it includes voter ID,https://www.youtube.com/watch?v=qxsYPRY91X8,2026-03-23,1.7K views,News,1:11,1700.0,11900000.0,0.00014285714285714284,0
DYHlURG5ctM,NBC News,11.90M subscribers,Trump installs statue of Christopher Columbus near the White House,https://www.youtube.com/watch?v=DYHlURG5ctM,2026-03-23,16.4K views,News,0:22,16400.0,11900000.0,0.0013781512605042015,2
5m1_aCoLoAI,NBC News,11.90M subscribers,The Guthrie family pleads for renewed attention to the Nancy Guthrie disappearance case,https://www.youtube.com/watch?v=5m1_aCoLoAI,2026-03-23,4.1K views,News,0:56,4100.0,11900000.0,0.0003445378151260504,0
gl8c4zmxv0E,NBC News,11.90M subscribers,LIVE: Supreme Court hears arguments in mail-in ballot case | NBC News,https://www.youtube.com/watch?v=gl8c4zmxv0E,2026-03-23,25.5K views,News,2:13:14,25500.0,11900000.0,0.0021428571428571425,2
WRgEn0VFUc8,NBC News,11.90M subscribers,Morning News NOW Full Episode – March 23,https://www.youtube.com/watch?v=WRgEn0VFUc8,2026-03-23,9.0K views,News,1:38:23,9000.0,11900000.0,0.0007563025210084032,1
cTfA8Wsh-D4,NBC News,11.90M subscribers,Listen to air traffic audio during the collision between a plane and fire truck at LaGuardia,https://www.youtube.com/watch?v=cTfA8Wsh-D4,2026-03-23,7.0K views,News,0:44,7000.0,11900000.0,0.000588235294117647,1
4XKgig9Y4c0,NBC News,11.90M subscribers,Trump says Israel would be 'very happy' if U.S. reaches ceasefire deal with Iran,https://www.youtube.com/watch?v=4XKgig9Y4c0,2026-03-23,2.5K views,News,1:37,2500.0,11900000.0,0.00021008403361344534,0
OtuS6XEYoxE,NBC News,11.90M subscribers,Trump requests ICE not wear masks at airports,https://www.youtube.com/watch?v=OtuS6XEYoxE,2026-03-23,3.6K views,News,0:42,3600.0,11900000.0,0.00030252100840336127,0
Voy5z08OvG8,NBC News,11.90M subscribers,Trump says he thinks Israel will agree with the U.S. negotations with Iran,https://www.youtube.com/watch?v=Voy5z08OvG8,2026-03-23,2.4K views,News,0:53,2400.0,11900000.0,0.00020168067226890754,0
8Qb1xbdti0E,NBC News,11.90M subscribers,ICE agents deployed to airports amid hourslong lines,https://www.youtube.com/watch?v=8Qb1xbdti0E,2026-03-23,4.3K views,News,0:52,4300.0,11900000.0,0.00036134453781512597,0
dNgLSK6mVXY,NBC News,11.90M subscribers,Trump says strikes against Iranian energy infrastructure will be postponed for five days,https://www.youtube.com/watch?v=dNgLSK6mVXY,2026-03-23,28.1K views,News,0:28,28100.0,11900000.0,0.002361344537815126,2
qVoFVw-nF0A,NBC News,11.90M subscribers,Plane collides with a fire truck at LaGuardia Airport,https://www.youtube.com/watch?v=qVoFVw-nF0A,2026-03-23,8.7K views,News,0:55,8700.0,11900000.0,0.0007310924369747898,1
0J2vdeU7E84,NBC News,11.90M subscribers,Russian missile attack on Kyiv seen from space,https://www.youtube.com/watch?v=0J2vdeU7E84,2026-03-23,3.8K views,News,0:31,3800.0,11900000.0,0.0003193277310924369,0
Fk6LRIGKRwA,NBC News,11.90M subscribers,This Morning’s Top Headlines – March 23 | Morning News NOW,https://www.youtube.com/watch?v=Fk6LRIGKRwA,2026-03-23,112.2K views,News,35:54,112200.0,11900000.0,0.009428571428571427,3
QLWCmDQwtHg,NBC News,11.90M subscribers,Treasury secretary says U.S. won't raise taxes to fund Iran war,https://www.youtube.com/watch?v=QLWCmDQwtHg,2026-03-23,10.6K views,News,0:46,10600.0,11900000.0,0.0008907563025210083,1
NEoUDvwHgaE,NBC News,11.90M subscribers,Florida woman arrested in alleged road rage attack,https://www.youtube.com/watch?v=NEoUDvwHgaE,2026-03-23,1.5K views,News,0:23,1500.0,11900000.0,0.0001260504201680672,0
W8F_RLwDrIk,NBC News,11.90M subscribers,"NHL reporter Jessi Pierce, 3 children dead after house fire",https://www.youtube.com/watch?v=W8F_RLwDrIk,2026-03-23,5.2K views,News,1:01,5200.0,11900000.0,0.0004369747899159663,1
8v-0Zm_JNfc,NBC News,11.90M subscribers,Historic flood emergency prompts rescues in Hawaii,https://www.youtube.com/watch?v=8v-0Zm_JNfc,2026-03-23,769 views,News,1:36,769.0,11900000.0,6.462184873949579e-05,0
O9jcA2KBFMc,NBC News,11.90M subscribers,Video shows moment Israeli army strikes bridge in Lebanon,https://www.youtube.com/watch?v=O9jcA2KBFMc,2026-03-23,1.8K views,News,0:31,1800.0,11900000.0,0.00015126050420168064,0
OaIefZ6w2hM,NBC News,11.90M subscribers,"Iranian missile strikes building in Dimona, Israel",https://www.youtube.com/watch?v=OaIefZ6w2hM,2026-03-23,20.6K views,News,0:25,20600.0,11900000.0,0.0017310924369747897,2
Jjliv0WaNNA,NBC News,11.90M subscribers,Crews remove billboard promoting scrapped season of ‘The Bachelorette’,https://www.youtube.com/watch?v=Jjliv0WaNNA,2026-03-23,3.4K views,News,0:12,3400.0,11900000.0,0.0002857142857142857,0
mGCFdfjI6UU,NBC News,11.90M subscribers,Meteor spotted in Southeast Texas,https://www.youtube.com/watch?v=mGCFdfjI6UU,2026-03-23,21.2K views,News,0:20,21200.0,11900000.0,0.0017815126050420166,2
6LtJLuhpdaU,NBC News,11.90M subscribers,Flyers react to plan to send federal agents to airports,https://www.youtube.com/watch?v=6LtJLuhpdaU,2026-03-23,4.2K views,News,0:25,4200.0,11900000.0,0.0003529411764705882,0
03sAVXJqN1A,NBC News,11.90M subscribers,Two dead after LaGuardia Airport collision,https://www.youtube.com/watch?v=03sAVXJqN1A,2026-03-23,2.7K views,News,0:42,2700.0,11900000.0,0.00022689075630252098,0
7kI4O7P9tdw,NBC News,11.90M subscribers,LIVE: NBC News NOW - March 23,https://www.youtube.com/watch?v=7kI4O7P9tdw,2026-03-23,86.0K views,News,0:00,86000.0,11900000.0,0.0072268907563025194,3
Yztji7ADRvQ,NBC News,11.90M subscribers,4 injured after Air Canada plane collides with vehicle at New York's LaGuardia Airport,https://www.youtube.com/watch?v=Yztji7ADRvQ,2026-03-23,6.4K views,News,9:24,6400.0,11900000.0,0.0005378151260504201,1
APKuOQhF9ZU,NBC News,11.90M subscribers,Two dead in LaGuardia Airport collision,https://www.youtube.com/watch?v=APKuOQhF9ZU,2026-03-23,5.2K views,News,4:18,5200.0,11900000.0,0.0004369747899159663,1
2dR1k84tG_M,NBC News,11.90M subscribers,At least four injured in collision between plane and vehicle at NYC LaGuardia Airport,https://www.youtube.com/watch?v=2dR1k84tG_M,2026-03-23,18.2K views,News,17:34,18200.0,11900000.0,0.0015294117647058822,2
dFXOs5wHeto,NBC News,11.90M subscribers,4 injured after plane collides with vehicle at LaGuardia,https://www.youtube.com/watch?v=dFXOs5wHeto,2026-03-23,18.3K views,News,0:21,18300.0,11900000.0,0.00153781512605042,2
6QmU8EpdYHA,NBC News,11.90M subscribers,NBC Nightly News Full Episode - Mar. 22,https://www.youtube.com/watch?v=6QmU8EpdYHA,2026-03-23,484.4K views,News,21:02,484400.0,11900000.0,0.04070588235294117,4
c57cEVggtyo,NBC News,11.90M subscribers,Trump admin. to send ICE agents to assist TSA at airports,https://www.youtube.com/watch?v=c57cEVggtyo,2026-03-22,41.3K views,News,2:26,41300.0,11900000.0,0.0034705882352941172,3
fTQY4CkvztY,NBC News,11.90M subscribers,"Guthrie family thanks Tucson, asks people to not forget mother's case",https://www.youtube.com/watch?v=fTQY4CkvztY,2026-03-22,44.6K views,News,1:49,44600.0,11900000.0,0.003747899159663865,3
Yyhp_iqJ58o,NBC News,11.90M subscribers,Higher oil prices from war with Iran threaten global economy,https://www.youtube.com/watch?v=Yyhp_iqJ58o,2026-03-22,3.6K views,News,1:06,3600.0,11900000.0,0.00030252100840336127,0
q23dknHsUvY,NBC News,11.90M subscribers,Good News: Basketball coach with rare eye condition inspires players,https://www.youtube.com/watch?v=q23dknHsUvY,2026-03-22,935 views,News,1:35,935.0,11900000.0,7.857142857142855e-05,0
-VrT9BfsAXQ,NBC News,11.90M subscribers,Meteor spotted streaking above Texas,https://www.youtube.com/watch?v=-VrT9BfsAXQ,2026-03-22,7.4K views,News,1:24,7400.0,11900000.0,0.0006218487394957982,1
8ygwUIgeDLA,NBC News,11.90M subscribers,Historic flood emergency prompts mass rescues in Hawaii,https://www.youtube.com/watch?v=8ygwUIgeDLA,2026-03-22,14.2K views,News,2:24,14200.0,11900000.0,0.0011932773109243696,1
XhsWfYHZdRw,NBC News,11.90M subscribers,Person of interest in custody in connection to student’s killing,https://www.youtube.com/watch?v=XhsWfYHZdRw,2026-03-22,30.9K views,News,1:28,30900.0,11900000.0,0.0025966386554621846,2
zHPjiGUEAlU,NBC News,11.90M subscribers,Iran unswayed by Trump's 48-hour deadline and threats to 'obliterate' energy infrastructure,https://www.youtube.com/watch?v=zHPjiGUEAlU,2026-03-22,359.6K views,News,2:46,359600.0,11900000.0,0.030218487394957978,4
Nx69CMK5AnI,NBC News,11.90M subscribers,NHL reporter Jessi Pierce and her 3 children dead after fatal fire,https://www.youtube.com/watch?v=Nx69CMK5AnI,2026-03-22,48.9K views,News,1:10,48900.0,11900000.0,0.004109243697478991,3
1NjhdFt6wpc,NBC News,11.90M subscribers,Cuban Deputy Foreign Minister reacts to Trump’s threats to take over Cuba,https://www.youtube.com/watch?v=1NjhdFt6wpc,2026-03-22,78.3K views,News,0:49,78300.0,11900000.0,0.006579831932773108,3
jP6UNRORwEo,NBC News,11.90M subscribers,Bessent on Iran war: 'sometimes you have to escalate to de-escalate',https://www.youtube.com/watch?v=jP6UNRORwEo,2026-03-22,15.6K views,News,1:17,15600.0,11900000.0,0.001310924369747899,2
DlWoivERSz4,NBC News,11.90M subscribers,Meet the Press Full Episode — March 22,https://www.youtube.com/watch?v=DlWoivERSz4,2026-03-22,191.6K views,News,47:40,191600.0,11900000.0,0.016100840336134452,4
H0Pv512diPM,NBC News,11.90M subscribers,Flyers react to Trump’s plan for federal immigration agents,https://www.youtube.com/watch?v=H0Pv512diPM,2026-03-22,83.9K views,News,2:15,83900.0,11900000.0,0.007050420168067226,3
0xwmiBzw3Ps,NBC News,11.90M subscribers,San Diego TSA union leader says ICE getting sent to airports is ‘the most ridiculous thing’,https://www.youtube.com/watch?v=0xwmiBzw3Ps,2026-03-22,32.2K views,News,2:23,32200.000000000004,11900000.0,0.0027058823529411765,2
oVqXrWnrF_s,NowThis Impact,4.92M subscribers,Fear Is The Strategy,https://www.youtube.com/watch?v=oVqXrWnrF_s,2026-03-23,14.7K views,News,0:31,14700.0,4920000.0,0.00298780487804878,2
UB30oFCs528,NowThis Impact,4.92M subscribers,This Changes Everything Today,https://www.youtube.com/watch?v=UB30oFCs528,2026-03-23,3.1K views,News,0:57,3100.0,4920000.0,0.000630081300813008,1
bNaQuuw8Lck,NowThis Impact,4.92M subscribers,This Is Handmaids Reality,https://www.youtube.com/watch?v=bNaQuuw8Lck,2026-03-23,7.5K views,News,1:36,7500.0,4920000.0,0.0015243902439024386,2
gpJWeIRHHiI,NowThis Impact,4.92M subscribers,Right Says Higher Gas Prices Are Patriotic,https://www.youtube.com/watch?v=gpJWeIRHHiI,2026-03-23,4.3K views,Entertainment,0:53,4300.0,4920000.0,0.0008739837398373982,1
MXJ4Ew79yuA,NowThis Impact,4.92M subscribers,What Pro-Life Supposed to Mean,https://www.youtube.com/watch?v=MXJ4Ew79yuA,2026-03-23,15.4K views,News,0:21,15400.0,4920000.0,0.0031300813008130076,2
4kYdELxeD4U,NowThis Impact,4.92M subscribers,James Talarico: Jesus Would Be Insulted,https://www.youtube.com/watch?v=4kYdELxeD4U,2026-03-23,61.1K views,News,1:22,61100.0,4920000.0,0.012418699186991868,4
9ZBkdWhDKL0,NowThis Impact,4.92M subscribers,Autistic Child Detained in Texas Facility,https://www.youtube.com/watch?v=9ZBkdWhDKL0,2026-03-22,69.0K views,News,1:21,69000.0,4920000.0,0.014024390243902436,4
-pCTV-5dYUQ,Parks and Recreation,603.00K subscribers,I wanna take you BOTH home... | Parks and Recreation,https://www.youtube.com/watch?v=-pCTV-5dYUQ,2026-03-23,738 views,Comedy,0:57,738.0,603000.0,0.0012238805970149233,2
HxNldjAUAg0,Parks and Recreation,603.00K subscribers,Every time Andy misunderstands the assignment & yet still passes | Parks and Recreation,https://www.youtube.com/watch?v=HxNldjAUAg0,2026-03-22,38.8K views,Comedy,20:58,38800.0,603000.0,0.06434494195688215,4
ePL3v9-01oA,penguinz0,17.80M subscribers,It's Pathetic and Out of Control,https://www.youtube.com/watch?v=ePL3v9-01oA,2026-03-23,192.5K views,Entertainment,12:07,192500.0,17800000.0,0.010814606741573033,4
fSbGelmx-00,penguinz0,17.80M subscribers,Brutal Fights Over Pokemon Cards,https://www.youtube.com/watch?v=fSbGelmx-00,2026-03-23,882.2K views,Entertainment,11:07,882200.0,17800000.0,0.049561797752808986,4
uvQk8TOi-ww,penguinz0,17.80M subscribers,FEMA Official Claims He Can Teleport,https://www.youtube.com/watch?v=uvQk8TOi-ww,2026-03-22,1.1M views,Entertainment,9:02,1100000.0,17800000.0,0.06179775280898876,4
PnERqN2fSUw,Screen Junkies,6.77M subscribers,Honest Trailers Preview - One Piece S2,https://www.youtube.com/watch?v=PnERqN2fSUw,2026-03-23,4.0K views,Film,0:26,4000.0,6770000.0,0.0005908419497784342,1
QoX5GM4nPZc,Screen Junkies,6.77M subscribers,Is Project Hail Mary The Best Sci-Fi Movie of the 2020’s? | Movie Fights,https://www.youtube.com/watch?v=QoX5GM4nPZc,2026-03-23,6.0K views,Film,1:36:21,6000.0,6770000.0,0.0008862629246676513,1
4caE5sFRe4I,SEA,759.00K subscribers,Primordial Black Holes 🕳️#space #universe #shorts #clips,https://www.youtube.com/watch?v=4caE5sFRe4I,2026-03-22,7.1K views,Science,0:54,7100.0,759000.0,0.009354413702239776,3
qxmOkM0IQ3g,shroud,6.81M subscribers,Cryo Archive is the HARDEST Marathon Map Yet...,https://www.youtube.com/watch?v=qxmOkM0IQ3g,2026-03-23,6.6K views,Gaming,28:01,6600.0,6810000.0,0.0009691629955947135,1
hfoqvAGenzg,shroud,6.81M subscribers,Crimson Desert Introduction (4/?),https://www.youtube.com/watch?v=hfoqvAGenzg,2026-03-23,18.9K views,Gaming,0:00,18900.0,6810000.0,0.0027753303964757705,2
W9nljyiiqdU,shroud,6.81M subscribers,Two Shroud’s Dominating in BF6,https://www.youtube.com/watch?v=W9nljyiiqdU,2026-03-23,65.8K views,Gaming,0:31,65800.0,6810000.0,0.009662261380323053,3
X6HHp0XKWbQ,shroud,6.81M subscribers,Crimson Desert Introduction (3/?),https://www.youtube.com/watch?v=X6HHp0XKWbQ,2026-03-23,68.2K views,Gaming,9:18:38,68200.0,6810000.0,0.01001468428781204,3
gGX9KHyizlo,shroud,6.81M subscribers,He was like this the ENTIRE time...,https://www.youtube.com/watch?v=gGX9KHyizlo,2026-03-22,26.8K views,Gaming,15:56,26800.0,6810000.0,0.003935389133627018,3
61TiVumplYg,shroud,6.81M subscribers,DLSS has come a LONG way 🤣,https://www.youtube.com/watch?v=61TiVumplYg,2026-03-21,68.3K views,Gaming,0:25,68300.0,6810000.0,0.010029368575624082,3
8eP2qmcbFQQ,Sky News,9.19M subscribers,Trump whiplash for the global economy... and Prime Minister | Politics Hub with Ali Fortescue,https://www.youtube.com/watch?v=8eP2qmcbFQQ,2026-03-23,390 views,News,0:00,390.0,9190000.0,4.2437431991294875e-05,0
YCGW64NNHWU,Sky News,9.19M subscribers,US aviation authorities give update on deadly crash at New York airport,https://www.youtube.com/watch?v=YCGW64NNHWU,2026-03-23,4.2K views,News,0:00,4200.0,9190000.0,0.000457018498367791,1
hzcR3d4etxM,Sky News,9.19M subscribers,Tehran calls Trump's claims of talks to end war 'fake news' | Sky News coverage and analysis,https://www.youtube.com/watch?v=hzcR3d4etxM,2026-03-23,88.4K views,News,7:58:18,88400.0,9190000.0,0.009619151251360172,3
QEF65lSojDQ,Sky News,9.19M subscribers,Yalda Hakim speaks to those affected by Israeli attacks on central Beirut,https://www.youtube.com/watch?v=QEF65lSojDQ,2026-03-23,680 views,News,3:19,680.0,9190000.0,7.399347116430902e-05,0
te16Kw6MtOU,Sky News,9.19M subscribers,Oil prices plunge after Trump Truth Social post | Ed Conway analysis,https://www.youtube.com/watch?v=te16Kw6MtOU,2026-03-23,5.0K views,News,9:54,5000.0,9190000.0,0.0005440696409140369,1
6CeZjuR-Vbw,Sky News,9.19M subscribers,Trump updates in Iran war at Memphis roundtable,https://www.youtube.com/watch?v=6CeZjuR-Vbw,2026-03-23,11.3K views,News,1:32:51,11300.0,9190000.0,0.0012295973884657234,2
X9ZAas973aQ,Sky News,9.19M subscribers,Why new AI model is alarming Hollywood,https://www.youtube.com/watch?v=X9ZAas973aQ,2026-03-23,2.3K views,News,12:13,2300.0,9190000.0,0.00025027203482045696,0
oFAil8Vu0Ng,Sky News,9.19M subscribers,Iran’s water facility threats could spell ‘disaster’ | Iran War Briefing Day 24 with Michael Clarke,https://www.youtube.com/watch?v=oFAil8Vu0Ng,2026-03-23,50.7K views,News,3:55,50700.0,9190000.0,0.005516866158868334,3
LktxcSLBxY4,Sky News,9.19M subscribers,Yalda Hakim live from Beirut | Sky News special,https://www.youtube.com/watch?v=LktxcSLBxY4,2026-03-23,4.7K views,News,54:52,4700.0,9190000.0,0.0005114254624591947,1
3RYZ59vkWho,Sky News,9.19M subscribers,Sky News goes inside Lebanon's frontline hospital as children flee Israeli sonic booms,https://www.youtube.com/watch?v=3RYZ59vkWho,2026-03-23,1.1K views,News,9:09,1100.0,9190000.0,0.00011969532100108811,0
J4Fh7budzrY,Sky News,9.19M subscribers,Sir Keir Starmer questioned by MPs at Liaison Committee,https://www.youtube.com/watch?v=J4Fh7budzrY,2026-03-23,7.4K views,News,1:46:03,7400.0,9190000.0,0.0008052230685527746,1
ZbioAvhftfg,Sky News,9.19M subscribers,'Stop stop stop': Audio from air traffic control before New York crash,https://www.youtube.com/watch?v=ZbioAvhftfg,2026-03-23,6.2K views,News,1:01,6200.0,9190000.0,0.0006746463547334057,1
2omRWEw45kg,Sky News,9.19M subscribers,Latest from New York airport after two pilots killed in runway crash,https://www.youtube.com/watch?v=2omRWEw45kg,2026-03-23,19.8K views,News,55:41,19800.0,9190000.0,0.002154515778019586,2
MsFPT6Tc6bY,Sky News,9.19M subscribers,Trump says Iran 'want very much to make a deal' after talks,https://www.youtube.com/watch?v=MsFPT6Tc6bY,2026-03-23,48.2K views,News,7:22,48200.0,9190000.0,0.005244831338411316,3
IlD1RgGsbbE,Sky News,9.19M subscribers,Iran war | Michael Clarke on Trump postponing strikes on Iranian power plants,https://www.youtube.com/watch?v=IlD1RgGsbbE,2026-03-23,127.4K views,News,3:19,127400.0,9190000.0,0.01386289445048966,4
6dYnaf6Ji9Q,Sky News,9.19M subscribers,"Golders Green fire: Attack not being treated as 'terrorist incident' at this stage, police say",https://www.youtube.com/watch?v=6dYnaf6Ji9Q,2026-03-23,19.6K views,News,5:01,19600.0,9190000.0,0.0021327529923830246,2
WUUig_E4w7k,Sky News,9.19M subscribers,Two pilots dead after Air Canada plane and fire truck collide at LaGuardia Airport,https://www.youtube.com/watch?v=WUUig_E4w7k,2026-03-23,31.6K views,News,4:49:11,31600.0,9190000.0,0.003438520130576713,3
AjAXEV--Imc,Sky News,9.19M subscribers,Is the Iran war a big problem for the chancellor?,https://www.youtube.com/watch?v=AjAXEV--Imc,2026-03-23,3.3K views,News,1:41,3300.0,9190000.0,0.00035908596300326435,0
83pidI6MJYc,Sky News,9.19M subscribers,Police investigate 'antisemitic' attack on Jewish community ambulances in London,https://www.youtube.com/watch?v=83pidI6MJYc,2026-03-23,9.8K views,News,1:15:16,9800.0,9190000.0,0.0010663764961915123,1
lP8KKoOcYQ4,Sky News,9.19M subscribers,Trump announces US is postponing strikes on Iranian power plants after 'productive' talks,https://www.youtube.com/watch?v=lP8KKoOcYQ4,2026-03-23,52.2K views,News,4:44,52200.0,9190000.0,0.005680087051142545,3
5ooI7xnENsY,Sky News,9.19M subscribers,"Attack on Jewish community is a 'despicable act of evil,' says health secretary",https://www.youtube.com/watch?v=5ooI7xnENsY,2026-03-23,10.2K views,News,4:47,10200.0,9190000.0,0.0011099020674646353,1
-hENjN0b72M,Sky News,9.19M subscribers,Iran war | Michael Clarke on Trump's Strait of Hormuz ultimatum for Iran,https://www.youtube.com/watch?v=-hENjN0b72M,2026-03-23,84.3K views,News,3:35,84300.0,9190000.0,0.009173014145810662,3
muQN50_7ztI,Sky News,9.19M subscribers,Cheat Sheet: Antisemitic attack | First person charged for tailgating at football,https://www.youtube.com/watch?v=muQN50_7ztI,2026-03-23,6.2K views,News,1:07,6200.0,9190000.0,0.0006746463547334057,1
_yTLAIwaiA0,Sky News,9.19M subscribers,CCTV captures moment suspects set ambulance alight | Sky News,https://www.youtube.com/watch?v=_yTLAIwaiA0,2026-03-23,23.0K views,News,2:46,23000.0,9190000.0,0.0025027203482045697,2
8iQjJgfu_tQ,Sky News,9.19M subscribers,Pilot and co-pilot killed at New York airport after collision with fire engine,https://www.youtube.com/watch?v=8iQjJgfu_tQ,2026-03-23,13.6K views,News,3:06,13600.0,9190000.0,0.0014798694232861804,2
G5-CcG6mha0,Sky News,9.19M subscribers,PM: COBRA meeting to discuss 'every lever available' to deal with cost of living,https://www.youtube.com/watch?v=G5-CcG6mha0,2026-03-23,4.4K views,News,3:10,4400.0,9190000.0,0.00047878128400435243,1
ZDNxS_x4mq8,Sky News,9.19M subscribers,Israeli settlers rampage through Palestinian villages in the West Bank | Sky News,https://www.youtube.com/watch?v=ZDNxS_x4mq8,2026-03-23,9.2K views,News,0:47,9200.0,9190000.0,0.0010010881392818278,1
i73pPDoReq8,Sky News,9.19M subscribers,The cost of war becomes Reeves’ nightmare,https://www.youtube.com/watch?v=i73pPDoReq8,2026-03-23,2.8K views,News,22:07,2800.0,9190000.0,0.00030467899891186063,0
FIJNIfgkN9A,Sky News,9.19M subscribers,Met Police investigating 'antisemitic hate crime' after arson attack on ambulances in north London,https://www.youtube.com/watch?v=FIJNIfgkN9A,2026-03-23,9.2K views,News,3:46,9200.0,9190000.0,0.0010010881392818278,1
ea6N1wUrN50,Sky News,9.19M subscribers,The World with Yalda Hakim | Monday 23 March 2026,https://www.youtube.com/watch?v=ea6N1wUrN50,2026-03-23,0 views,News,0:00,0.0,9190000.0,0.0,0
KPt6zAmEKnA,Sky News,9.19M subscribers,The UK Tonight with Sarah-Jane Mee | Monday 23 March 2026,https://www.youtube.com/watch?v=KPt6zAmEKnA,2026-03-23,0 views,News,0:00,0.0,9190000.0,0.0,0
Ecm-eqLcMhc,Sky News,9.19M subscribers,The Wrap with Anna Botting | Monday 23 March 2026,https://www.youtube.com/watch?v=Ecm-eqLcMhc,2026-03-23,0 views,News,0:00,0.0,9190000.0,0.0,0
-P5vEcKGvxQ,Sky News,9.19M subscribers,Police launch investigation after arson attack on ambulances in north London,https://www.youtube.com/watch?v=-P5vEcKGvxQ,2026-03-23,16.1K views,News,5:06,16100.000000000002,9190000.0,0.001751904243743199,2
UVEwu0RXU8c,Sky News,9.19M subscribers,How Iranians in the UK view the war,https://www.youtube.com/watch?v=UVEwu0RXU8c,2026-03-23,13.8K views,News,8:22,13800.0,9190000.0,0.0015016322089227419,2
CR2B5S17Bcc,Sky News,9.19M subscribers,Is Trump's ultimatum to Iran credible?,https://www.youtube.com/watch?v=CR2B5S17Bcc,2026-03-22,191.0K views,News,1:59,191000.0,9190000.0,0.020783460282916208,4
630tyf5yg64,Sky News,9.19M subscribers,Iran missiles crash through Israeli defences hitting residential areas near nuclear facility,https://www.youtube.com/watch?v=630tyf5yg64,2026-03-22,112.5K views,News,2:59,112500.0,9190000.0,0.01224156692056583,4
HMAEwoJUxE0,Sky News,9.19M subscribers,Fuel prices rise four times in one week as Iran war hits UK drivers,https://www.youtube.com/watch?v=HMAEwoJUxE0,2026-03-22,21.3K views,News,3:00,21300.0,9190000.0,0.002317736670293797,2
JHCa3t16A5c,Sky News,9.19M subscribers,Ketamine crisis: How investigators are infiltrating online networks used by dealers,https://www.youtube.com/watch?v=JHCa3t16A5c,2026-03-22,4.8K views,News,6:16,4800.0,9190000.0,0.0005223068552774754,1
5635FpYNswM,Sky News,9.19M subscribers,Sky News tracks down convicted fraudster who conned vulnerable pensioner and fled to Tenerife,https://www.youtube.com/watch?v=5635FpYNswM,2026-03-22,8.4K views,News,10:33,8400.0,9190000.0,0.000914036996735582,1
uIdo8MpemFg,Sky News,9.19M subscribers,Is Trump's ultimatum to Iran credible?,https://www.youtube.com/watch?v=uIdo8MpemFg,2026-03-22,87.6K views,News,1:59,87600.0,9190000.0,0.009532100108813927,3
773BHaDA7Zc,Sky News,9.19M subscribers,Trump issues 48-hour ultimatum to Iran,https://www.youtube.com/watch?v=773BHaDA7Zc,2026-03-22,203.8K views,News,2:14,203800.0,9190000.0,0.022176278563656143,4
T5Z3xpZbBNo,Sky News,9.19M subscribers,"Starmer's 'keep out of it' Iran strategy isn't working, Tories say",https://www.youtube.com/watch?v=T5Z3xpZbBNo,2026-03-22,12.9K views,News,10:08,12900.0,9190000.0,0.001403699673558215,2
V_5uav6DZ5g,Sky News,9.19M subscribers,"Trump's Iran strategy is 'very weird', says Rory Stewart",https://www.youtube.com/watch?v=V_5uav6DZ5g,2026-03-22,182.1K views,News,9:35,182100.0,9190000.0,0.019815016322089225,4
4jc4pjne06g,Sky News,9.19M subscribers,"UK has defences to keep us safe from Iran, minister says",https://www.youtube.com/watch?v=4jc4pjne06g,2026-03-22,21.2K views,News,14:40,21200.0,9190000.0,0.0023068552774755165,2
2NC10yN195I,Sky News,9.19M subscribers,"If Iran fired a missile towards UK, 'we wouldn't be able to shoot it down,' says military analyst",https://www.youtube.com/watch?v=2NC10yN195I,2026-03-22,402.5K views,News,3:26,402500.0,9190000.0,0.043797606093579966,4
PSmSpuAHEEg,Team Coco,9.14M subscribers,Ken Burns | Conan O'Brien Needs A Friend,https://www.youtube.com/watch?v=PSmSpuAHEEg,2026-03-23,27.6K views,Comedy,1:06:28,27600.0,9140000.0,0.003019693654266958,2
z5_ksK03zzM,The Daily Show,13.70M subscribers,Novelist George Saunders on tapping into a character who is forced to reckon with his bad behavior,https://www.youtube.com/watch?v=z5_ksK03zzM,2026-03-23,5.5K views,Comedy,1:58,5500.0,13700000.0,0.00040145985401459847,1
RNp7XgnID4w,The Daily Show,13.70M subscribers,Author Rebecca Traister on the angry women who started some of the biggest movements in America,https://www.youtube.com/watch?v=RNp7XgnID4w,2026-03-23,11.9K views,Comedy,1:13,11900.0,13700000.0,0.0008686131386861312,1
k-d2q5gWIkw,The Daily Show,13.70M subscribers,Jon Stewart on Iran Updates & Klepper on Surging Gas Prices and Afroman's Triumph | The Daily Show,https://www.youtube.com/watch?v=k-d2q5gWIkw,2026-03-23,296.2K views,Comedy,46:39,296200.0,13700000.0,0.021620437956204375,4
YhcVd9wkydA,The Daily Show,13.70M subscribers,Steve Zahn on his experience of starring in a film about being a dance dad with his own daughter,https://www.youtube.com/watch?v=YhcVd9wkydA,2026-03-22,35.6K views,Comedy,2:16,35600.0,13700000.0,0.002598540145985401,2
8TSXYK_Qz5o,The Daily Show,13.70M subscribers,"Rapper, free speech champion, patriotic suit model - maybe Afroman really should be president",https://www.youtube.com/watch?v=8TSXYK_Qz5o,2026-03-22,375.3K views,Comedy,1:11,375300.0,13700000.0,0.0273941605839416,4
dnohy9mmO9w,The F Word,1.50M subscribers,Marlon Wayans Hilariously Describes Weird Food | Full Episode | The F Word,https://www.youtube.com/watch?v=dnohy9mmO9w,2026-03-22,1.9K views,Entertainment,43:12,1900.0,1500000.0,0.001266666666666666,2
2m8FkxkLVh8,The Graham Norton Show,5.62M subscribers,Justin Timberlake Loves A Scone 🤤,https://www.youtube.com/watch?v=2m8FkxkLVh8,2026-03-23,33.6K views,Entertainment,1:19,33600.0,5620000.0,0.005978647686832739,3
HLAzN3Vkhgg,The Graham Norton Show,5.62M subscribers,The Graham Norton Show School Of Acting 🎭,https://www.youtube.com/watch?v=HLAzN3Vkhgg,2026-03-22,24.2K views,Entertainment,41:17,24200.0,5620000.0,0.004306049822064056,3
e5a5FomGbko,The Grand Tour,2.69M subscribers,A truly tragic sequence of events 💔 #TheGrandTour,https://www.youtube.com/watch?v=e5a5FomGbko,2026-03-23,3.8K views,Entertainment,1:16,3800.0,2690000.0,0.0014126394052044605,2
0w7iVGyTVtY,The Infographics Show,15.40M subscribers,How Every Major Nazi Leader Died,https://www.youtube.com/watch?v=0w7iVGyTVtY,2026-03-22,46.5K views,Education,22:33,46500.0,15400000.0,0.003019480519480519,2
H7GP-Zjfvgc,The Office,3.74M subscribers,Too far Meredith! Too far! - The Office US,https://www.youtube.com/watch?v=H7GP-Zjfvgc,2026-03-22,179.1K views,Entertainment,0:30,179100.0,3740000.0,0.047887700534759346,4
4i-PyUlNczM,TheWarOwl,1.44M subscribers,Prop Hunt is Back in CS2,https://www.youtube.com/watch?v=4i-PyUlNczM,2026-03-23,4.9K views,Gaming,10:28,4900.0,1440000.0,0.0034027777777777754,3
zCO0KOu3YpM,Top Gear,9.48M subscribers,Mercedes Has Built The Most Powerful & Luxurious Unimog Ever! | 4K,https://www.youtube.com/watch?v=zCO0KOu3YpM,2026-03-22,368.0K views,Cars,12:28,368000.0,9480000.0,0.03881856540084387,4
